id;target
0;0.12380681307335074
1;0.4031300809830777
2;0.17860897439701676
3;0.1215541605601755
4;0.17792469805874847
5;0.14708827763501942
6;0.18319606552289294
7;0.16640166881978527
8;0.12166316819890097
9;0.1795180628748726
10;0.13437695909199232
11;0.2536428019463361
12;0.12187755486127863
13;0.14713149659654437
14;0.14066595934986892
15;0.20634459332979024
16;0.17545385214980644
17;0.1607756491651129
18;0.15124392377269646
19;0.16449819137145413
20;0.12181117224012873
21;0.11892517695093906
22;0.13356635766264008
23;0.19331089502618148
24;0.09278565906792596
25;0.13179364395668508
26;0.13505655593776247
27;0.27340310118477645
28;0.12628411328088943
29;0.42068989173550997
30;0.1738776483415557
31;0.12375925119786246
32;0.13615130004520024
33;0.2348114925861424
34;0.14294941739638367
35;0.12699209889746457
36;0.20794516997846113
37;0.08334954352683276
38;0.15247231697652483
39;0.23759295504993067
40;0.13984153500788626
41;0.13717833544409855
42;0.13118540366512302
43;0.17377109541252048
44;0.1259350230866475
45;0.2143784964036046
46;0.12425525235883135
47;0.16060870700207416
48;0.17037463657607096
49;0.2240198243910252
50;0.1330662532035381
51;0.14663202276333098
52;0.19312552236265837
53;0.11908847260083691
54;0.27219636106372624
55;0.14137735579415794
56;0.15024158821948783
57;0.12375712313400991
58;0.18963690082092427
59;0.21656404827239986
60;0.13847171464165234
61;0.18906882209739337
62;0.12460355711659812
63;0.121155049768698
64;0.18039590699321298
65;0.18316750987973127
66;0.08383701700143527
67;0.18789463549875535
68;0.15146482112525014
69;0.11635410168057742
70;0.20425720624981195
71;0.21018954562293837
72;0.17940957236395166
73;0.15276547560872097
74;0.11910780165809169
75;0.1211080816984803
76;0.15331174793799143
77;0.1219031039418605
78;0.20387719271499938
79;0.20424590074771523
80;0.16411807840278073
81;0.0837664915954542
82;0.12154404775171639
83;0.22854000759423426
84;0.12523233582736218
85;0.16953310091310506
86;0.15538554337220203
87;0.12450712197392044
88;0.22386591580662765
89;0.2322084112136649
90;0.06249863407391164
91;0.1942053897673113
92;0.16874235372221938
93;0.12474826739681351
94;0.2971945394823682
95;0.11915956729454784
96;0.12204293904008301
97;0.23714868057771782
98;0.12634583727556145
99;0.1240143609023929
100;0.1824178591770274
101;0.1170016039731722
102;0.11935094289329327
103;0.12147636082005914
104;0.12930708202945568
105;0.11062535343003836
106;0.1328061493647402
107;0.11974924366213958
108;0.12180545645798938
109;0.17306905264741648
110;0.11993403182976028
111;0.1725938896202037
112;0.1181242939523456
113;0.0959684774065617
114;0.12080899586731068
115;0.16501016591077816
116;0.2142824183273103
117;0.1522505446804139
118;0.08151531877259006
119;0.13216477455740036
120;0.17117441165751793
121;0.12474500733292455
122;0.09307608409697583
123;0.2057519167058982
124;0.13410578978563836
125;0.25991737516098873
126;0.21033515456202875
127;0.1831877510999766
128;0.1549736365746111
129;0.1423336481500174
130;0.13361452984052058
131;0.16469007207303604
132;0.16344090824312346
133;0.1943169275748148
134;0.15436528357375504
135;0.18411912696647725
136;0.15710750735609064
137;0.2210171989367649
138;0.24470441534381554
139;0.08583903555968332
140;0.22159997600539927
141;0.20541194711570443
142;0.12838349269398905
143;0.14084158957569645
144;0.17589841917480756
145;0.14410790855762975
146;0.16850847315014064
147;0.1202617900884555
148;0.08159512633827244
149;0.1334504154146563
150;0.12043713509522723
151;0.26257190975102784
152;0.14903058200672883
153;0.13363616324808913
154;0.1595692886493571
155;0.1573423596045457
156;0.167286216205161
157;0.14427913736090064
158;0.1218148031447138
159;0.28234692522774757
160;0.13473400165735744
161;0.22504102007543678
162;0.13198114328921404
163;0.16972221702767343
164;0.16391552819336233
165;0.19412963884497397
166;0.12065286522993313
167;0.11830700564826738
168;0.12385991069950224
169;0.09687023005685383
170;0.19157784795544097
171;0.19496323567959126
172;0.1783080390316038
173;0.12342483692173455
174;0.16201797922446592
175;0.216217978868384
176;0.20928653439855807
177;0.1239423182213117
178;0.13481950914470173
179;0.1451905659704586
180;0.19391355671319938
181;0.09536489354427717
182;0.12664437001517875
183;0.12235751680581279
184;0.22977223550755085
185;0.16950389354083553
186;0.29157238828968035
187;0.11820533273221727
188;0.36196886628361563
189;0.23904639432241304
190;0.19220074651815602
191;0.16783043674518672
192;0.08321419190182626
193;0.14281615777724885
194;0.13497638374192075
195;0.15908312608542705
196;0.17705300402203356
197;0.1277342801261913
198;0.12218794401436245
199;0.09016337219321308
200;0.1592945840556783
201;0.08114043500222141
202;0.20104847269244253
203;0.27413393391579904
204;0.13132199470187042
205;0.16735647565169004
206;0.15519520154408836
207;0.16125196631694694
208;0.21740680925555161
209;0.2571230033352075
210;0.15999385757704407
211;0.12366003694177131
212;0.13368046124178723
213;0.13913065829397303
214;0.12499043920774337
215;0.12375606396506339
216;0.11503685953624235
217;0.1758670006589642
218;0.1642720244487251
219;0.14832189453935538
220;0.1291063137986796
221;0.15537117387993116
222;0.16253785507852844
223;0.11169464306047479
224;0.1691972749779631
225;0.14837131931644496
226;0.08395052465199801
227;0.19763716546856394
228;0.21632513635815623
229;0.14478501533389965
230;0.20008870633928882
231;0.1269204222717895
232;0.12310497261399389
233;0.2616034594422907
234;0.14352048152872351
235;0.1965840811453821
236;0.1332316895146974
237;0.12763723559391754
238;0.11258265281844597
239;0.12083761035691579
240;0.16402053855012458
241;0.08271806771709947
242;0.1209187493850167
243;0.18397711977982995
244;0.19521463629541863
245;0.09407494840905647
246;0.13826479459985977
247;0.24146051545378
248;0.19398033573425005
249;0.08362816806381215
250;0.21865353341857469
251;0.16416007684816375
252;0.13377201076167855
253;0.17829782506087521
254;0.12309984743132682
255;0.15399442982528505
256;0.15840764242946379
257;0.2220098408916838
258;0.12515504291563181
259;0.11088240846905557
260;0.15986805984399097
261;0.18561898177217048
262;0.12214549538854531
263;0.12327352496354643
264;0.16657715767684717
265;0.2539311704727861
266;0.26546791142068404
267;0.19893036279504275
268;0.15507747947606368
269;0.25663876325433527
270;0.12442502186000794
271;0.11877074300839617
272;0.13872264767445508
273;0.21894521716475984
274;0.13454277581767737
275;0.21043072487184036
276;0.12112075003966546
277;0.13998220107955717
278;0.09387869680720927
279;0.15421205362431942
280;0.16943120039465137
281;0.19468576457896303
282;0.12371268525293963
283;0.18809456958464657
284;0.13605385816837617
285;0.1476342013114067
286;0.12254073482519512
287;0.13589425170522845
288;0.21310730382179416
289;0.12321620079831037
290;0.11147468325539067
291;0.1266435418165207
292;0.12484828156983732
293;0.14775325765347713
294;0.1362365634459645
295;0.15081219515042218
296;0.19292122565864459
297;0.1513481720285837
298;0.1572026214463536
299;0.22376008145036227
300;0.13110218037498458
301;0.26069591278119464
302;0.1939756247065156
303;0.1249095267396407
304;0.15843027664264386
305;0.15339388418613745
306;0.1746483768760984
307;0.2494552328661156
308;0.12198078367616436
309;0.15504593843892833
310;0.1344128244659753
311;0.1267096102928144
312;0.12256489441887683
313;0.16994596366636525
314;0.1010267048499934
315;0.1419300465041844
316;0.12328706670691073
317;0.14250290596386433
318;0.15001493575667782
319;0.19297766117749915
320;0.12081054353552348
321;0.12306704565530167
322;0.22416248561802807
323;0.13143214886587498
324;0.31004030819265005
325;0.15055938096683336
326;0.13453936097065336
327;0.12088273406629693
328;0.17399683915979935
329;0.13673444182388522
330;0.20821720030675178
331;0.12100778930265169
332;0.15070384775851778
333;0.17130878559175394
334;0.14833122047605318
335;0.21489915347878205
336;0.1365797555415527
337;0.11869161510078771
338;0.12112824948045409
339;0.12251489814594253
340;0.1188828719853613
341;0.19430295590751376
342;0.13443654138597355
343;0.12047506115601642
344;0.1855969463346302
345;0.16524190191490415
346;0.2363862978116989
347;0.16976561146450786
348;0.185664992669294
349;0.12375712313400991
350;0.12570441685108721
351;0.13315880024721896
352;0.12353935667604465
353;0.11899499646723218
354;0.23142282622860016
355;0.09783203234670133
356;0.14812326722579938
357;0.09595456677362914
358;0.09307608409697583
359;0.14869114359679478
360;0.12009911357362335
361;0.15011664737611846
362;0.17582233323180554
363;0.17907380422391955
364;0.13286929948246284
365;0.12350743130712435
366;0.12043358573534503
367;0.13033349287167662
368;0.1720846218926577
369;0.1370654268520885
370;0.13518397505663513
371;0.1533140054598473
372;0.15336037013848872
373;0.12240606953504705
374;0.12180553623136872
375;0.11992029868424349
376;0.0828133450770462
377;0.1900652708475754
378;0.18072879571515002
379;0.25314521641482474
380;0.11867955358396061
381;0.12577094072678704
382;0.13406365703812417
383;0.13790674013613774
384;0.12157246474813332
385;0.12317001703563701
386;0.13631286081180402
387;0.13815354230070676
388;0.18322545466243081
389;0.1988402497304624
390;0.12164069417710847
391;0.12320400457289157
392;0.20505348417610436
393;0.1354425033189492
394;0.12537300751678068
395;0.11846989562621912
396;0.1473266660143177
397;0.12292332813091066
398;0.09420875313858511
399;0.23475396431294993
400;0.11890686258315654
401;0.17501637504600287
402;0.12063962632629241
403;0.13120693741539896
404;0.1470964153851105
405;0.15467295157120883
406;0.25819357169010015
407;0.15094143111992672
408;0.1464574318802624
409;0.15551203492583832
410;0.12204001560203352
411;0.09860714670263837
412;0.13216599626582815
413;0.16600809661350835
414;0.09159937353837927
415;0.14740209102580787
416;0.1309566743395779
417;0.2417288698405987
418;0.1623432391270457
419;0.184002016104008
420;0.15684320642029773
421;0.13476125209904083
422;0.21099992979057378
423;0.22084615089710627
424;0.30282449105185794
425;0.1573495709417254
426;0.16842134875834758
427;0.22608195327686775
428;0.13296766449963293
429;0.13363754400301384
430;0.12393004748239021
431;0.1874849314646557
432;0.5146108566080528
433;0.18535362445543413
434;0.15590256538604208
435;0.14746701808341905
436;0.21130701873104993
437;0.12313497284840294
438;0.15191246945942719
439;0.12275278138594552
440;0.2139419962648803
441;0.2372259497554887
442;0.21775235663741171
443;0.09885828662951777
444;0.17202185475976262
445;0.17429242053977026
446;0.12766073550135054
447;0.17389987839548193
448;0.20920479613780707
449;0.08363242087511688
450;0.17073406140974529
451;0.19669096395297206
452;0.12076957064864062
453;0.12014811450588019
454;0.1495090209887126
455;0.21534206823330607
456;0.18109845574395772
457;0.09278565906792596
458;0.12488163774922997
459;0.1880200892353974
460;0.12035418876025919
461;0.1042688761702964
462;0.13930166107305078
463;0.12427658341569965
464;0.17653738042901018
465;0.19503061208746508
466;0.2768838558149069
467;0.11960890113788529
468;0.13191544280645545
469;0.19043388130451172
470;0.17764208122182787
471;0.14245244152902994
472;0.09463736560523191
473;0.2762084387127926
474;0.41682419367220014
475;0.1760113662004909
476;0.13092299828324883
477;0.1864808467425766
478;0.12619326504840486
479;0.12352866136058172
480;0.15300544060958357
481;0.16086195670178086
482;0.1374364453055672
483;0.12364358899855239
484;0.12184468779336419
485;0.16463729026516452
486;0.1339565704917608
487;0.1274984591377678
488;0.17001362203645534
489;0.1833792284774441
490;0.13559311189833814
491;0.06531448339115904
492;0.20876445424280965
493;0.15358792724269973
494;0.12090464005541962
495;0.1888312775535395
496;0.21034697184341022
497;0.08339858438842981
498;0.16180699174847424
499;0.16364231312191935
500;0.1172102049685617
501;0.16223940720938573
502;0.32570749846265146
503;0.2541492735320903
504;0.08453079628354816
505;0.1332084304053898
506;0.4294620096171571
507;0.20045983514810803
508;0.3137973920429526
509;0.108864868675912
510;0.08513634996275854
511;0.233383762431199
512;0.20263196990608962
513;0.1056451130414987
514;0.2536275697782926
515;0.21432201403049966
516;0.15730885252653967
517;0.1887551957914281
518;0.17308927156689283
519;0.21057892377642765
520;0.17178487427013472
521;0.13504593770812484
522;0.12671673607674983
523;0.09192100144573782
524;0.15920453821842287
525;0.14361265007335394
526;0.20834446644958607
527;0.21956259799129946
528;0.12186483643371744
529;0.12942372855021705
530;0.1459464076389483
531;0.13539047417444655
532;0.12799208964476558
533;0.2726956278665173
534;0.12108649801891083
535;0.11997351770896537
536;0.176740067410502
537;0.12258070506035446
538;0.12015092309364726
539;0.18199957668702957
540;0.18585651011481463
541;0.06259839549230066
542;0.1741024793876468
543;0.07685220454824514
544;0.15624656565072587
545;0.16438296161118704
546;0.1198962250495692
547;0.12502865715952333
548;0.10519350060688869
549;0.2259722406555716
550;0.1801780983613293
551;0.1395543322666152
552;0.19518142556959678
553;0.23217040964594882
554;0.20659502223271564
555;0.10321652289603415
556;0.1905942231196313
557;0.12308882212067712
558;0.20284005806516436
559;0.08454542185446982
560;0.19524575292522373
561;0.19178922503462348
562;0.1264335385326943
563;0.16477050518529934
564;0.1195513769641837
565;0.138133712538781
566;0.18650253763466199
567;0.2828740133816964
568;0.13483181941437933
569;0.11667769331108246
570;0.2069501117094403
571;0.14683681840559784
572;0.12721758797022528
573;0.2029215972589223
574;0.14216839920627797
575;0.20894487779427606
576;0.1987338245793157
577;0.12089196627050422
578;0.16769700728043313
579;0.13619009107737023
580;0.153789054784809
581;0.09279784250819778
582;0.1230602653553454
583;0.1481503342717466
584;0.13175886417630117
585;0.12601007483519705
586;0.26041019621399064
587;0.11007922221305524
588;0.16075064204802897
589;0.1257789141667751
590;0.19125994671330554
591;0.15234041289406666
592;0.12136462590939291
593;0.1211018193388389
594;0.17432572678844213
595;0.08377455823040297
596;0.14052042870127618
597;0.14266292106046607
598;0.15363874970929867
599;0.12111267581206792
600;0.14660744291345626
601;0.17144087182474593
602;0.14142023106277413
603;0.1462459511390105
604;0.1371696877364426
605;0.12756099883751915
606;0.17397071505238862
607;0.13604366548555483
608;0.18863670491827617
609;0.1395518969064782
610;0.1866245673589754
611;0.12267517651283699
612;0.18944356395321965
613;0.11922673191608152
614;0.09348855555402238
615;0.1359857278515674
616;0.19911410426622794
617;0.2452959895080372
618;0.12771461764141304
619;0.15194397011067307
620;0.11724970874007372
621;0.18307716768928525
622;0.12307986308717188
623;0.1705889430835067
624;0.21336691537692157
625;0.13172157323768005
626;0.225234365900863
627;0.21027167340201444
628;0.14370899682076127
629;0.14762448099057288
630;0.21541615487909246
631;0.13462703435343754
632;0.15162463620360767
633;0.1224094557329106
634;0.20152546692607665
635;0.15528896952654409
636;0.14537433051730486
637;0.13576500007132597
638;0.2917627539047071
639;0.1487686703747411
640;0.28110021875949626
641;0.1857981705105927
642;0.2974022094747995
643;0.1579454854848768
644;0.14367269470277655
645;0.15098042784374635
646;0.12348235394004185
647;0.08412918241631862
648;0.15383887894179302
649;0.1650549331050063
650;0.14657228329749977
651;0.2129320737679876
652;0.1931801055895602
653;0.13812804838512438
654;0.12301998631210107
655;0.09154295452001493
656;0.19642860532398446
657;0.1830649562594133
658;0.11848984173988308
659;0.0913188966472995
660;0.1324460063664591
661;0.129453636099445
662;0.12228218795634199
663;0.19565292120488847
664;0.13411024796218926
665;0.15405049746432384
666;0.20686067801401473
667;0.17875012345875524
668;0.12223040247193118
669;0.1665464387015725
670;0.13414051474881086
671;0.13304970884888098
672;0.08616810407338177
673;0.1580170726666149
674;0.18697293794012632
675;0.12102325034519448
676;0.13576857097476036
677;0.17024123900121507
678;0.1320946657170795
679;0.21848718496282546
680;0.17213114311590968
681;0.23516688180420334
682;0.12411412001114858
683;0.1884024170548701
684;0.15703104216168748
685;0.1618014635165089
686;0.13526550840510676
687;0.09407494840905647
688;0.09287179003770143
689;0.24180173891356274
690;0.119162378558983
691;0.17823219480257102
692;0.1509157523368385
693;0.09648511276622249
694;0.12161524090287597
695;0.14126035985187546
696;0.32065618401087115
697;0.11864713885373565
698;0.1222145766774096
699;0.12565709720144438
700;0.16415108705366357
701;0.13576287260469458
702;0.12668593916790416
703;0.1827975667708171
704;0.14815043922898716
705;0.15198079918509638
706;0.12282597347187103
707;0.34229967473885675
708;0.19987131490230192
709;0.19049525923645114
710;0.2005327090346379
711;0.11935016762666271
712;0.16604462130765027
713;0.13391890025345868
714;0.11974924366213958
715;0.13654247990536533
716;0.11994978773955507
717;0.15134671210119263
718;0.16192777763537913
719;0.09519494612755008
720;0.13369753587366415
721;0.2472148999662872
722;0.1508362685068396
723;0.16194066522258616
724;0.13685108347056024
725;0.21537925862330784
726;0.1561758062416685
727;0.1831877510999766
728;0.18369765796840223
729;0.09681757141690894
730;0.1653063354494912
731;0.16757093227580735
732;0.12024918460002773
733;0.16206998524080526
734;0.22167940752425433
735;0.15364845442517303
736;0.1362151098885505
737;0.22523709214662122
738;0.1239146285957716
739;0.13413456291940914
740;0.21630987877205204
741;0.12523457852081632
742;0.18127280708221788
743;0.29286659619252847
744;0.1336277125814543
745;0.1505385190305646
746;0.12494417708055372
747;0.12175551692887496
748;0.12365880181333208
749;0.12098639759368493
750;0.20796522512569718
751;0.12836882112846093
752;0.18147918543613353
753;0.12327426644002329
754;0.27380269837438453
755;0.12099255920506308
756;0.1474491852046714
757;0.2322256386368859
758;0.12150604899212362
759;0.15728485056669206
760;0.12523360957604698
761;0.1772321312281429
762;0.1716564161623403
763;0.19052806207871528
764;0.1637166153934077
765;0.12359815381110913
766;0.122111968675811
767;0.15477629778030236
768;0.2724172310760208
769;0.14810358916483393
770;0.16274790950094462
771;0.2596216715359085
772;0.08079186043189848
773;0.1405660422908293
774;0.13623663857251098
775;0.09106933358008971
776;0.25668096967902826
777;0.20459241146433202
778;0.1383200260152994
779;0.17939267832682446
780;0.2108780945474407
781;0.09426506485671378
782;0.16104835181259353
783;0.19964672914219583
784;0.12650773133418802
785;0.14849672507156517
786;0.10665423557339854
787;0.11891384660362045
788;0.09204466676526224
789;0.1692222680785088
790;0.12166649701449843
791;0.14223815551061297
792;0.18107016798466333
793;0.08415794100537236
794;0.2798806995932178
795;0.17003654691640985
796;0.09777109318787869
797;0.3320466558167009
798;0.1327646708256772
799;0.08993927505280686
800;0.12188001334977754
801;0.2492909173498954
802;0.1892708053642232
803;0.21706518671878067
804;0.20881254731456284
805;0.12776766711859533
806;0.15338317666708676
807;0.28992524742359777
808;0.10943896868579293
809;0.23279492940892474
810;0.1563320262631358
811;0.6197183782504987
812;0.2036025553550646
813;0.12027198704095612
814;0.10541974786326658
815;0.11862359769402495
816;0.12240982123644285
817;0.11914755488251424
818;0.23261450805400447
819;0.12257129598996842
820;0.13668405388794738
821;0.14551668779679233
822;0.1353101915670045
823;0.2725645989984218
824;0.14687861218942902
825;0.6387742202053586
826;0.12157246474813332
827;0.18427663743789668
828;0.12308135158676377
829;0.13609714636801962
830;0.13280968782343452
831;0.14324110237468105
832;0.16550586993718383
833;0.12758836650377742
834;0.16752505813773955
835;0.19050376582455722
836;0.15618364681373476
837;0.3714899478535109
838;0.13354195226745783
839;0.11999004199760047
840;0.1999248933569777
841;0.13863312169155778
842;0.09624077062868773
843;0.21134747516973848
844;0.1791262833115979
845;0.14800565988409467
846;0.2359627466406853
847;0.12434746544089828
848;0.1762074855309463
849;0.7260601247692351
850;0.16951947801204634
851;0.12128503456745351
852;0.12320045387471058
853;0.1285778205944769
854;0.13511126102183288
855;0.19759183317864557
856;0.1190554667036827
857;0.09397475985583016
858;0.21581385904411976
859;0.2510818152647094
860;0.15909027116744323
861;0.13504639040093652
862;0.204466272424764
863;0.198060345718167
864;0.3604332904960475
865;0.3698343578427872
866;0.12371704177196728
867;0.15198562467765306
868;0.13389015558854644
869;0.15105707333700136
870;0.2458639428620628
871;0.1420207263530788
872;0.22220134349761891
873;0.11783394780571055
874;0.1311969970616268
875;0.13486048602065276
876;0.16932662302940482
877;0.11898765967554448
878;0.24115706885892632
879;0.1264876291896966
880;0.16017239340273617
881;0.1263230857935529
882;0.12144459556745772
883;0.1478902985818603
884;0.14624971265028053
885;0.21643830963827465
886;0.1185498432361406
887;0.09869301931732656
888;0.15545532351351313
889;0.09242482707681687
890;0.14861772161859688
891;0.12541424564938872
892;0.1283132454758575
893;0.2364838637794825
894;0.13393941745839186
895;0.17535400075701219
896;0.2450606938561599
897;0.12591357935044314
898;0.12192212843323852
899;0.1481523758667954
900;0.09199927433722423
901;0.11960969705274528
902;0.12194342579095258
903;0.10585175748832551
904;0.12703652980144692
905;0.17970202545782268
906;0.38116402316572434
907;0.16338005626626023
908;0.11890981225870764
909;0.12381772052286345
910;0.12308891270860704
911;0.13341038054765206
912;0.1532522581443842
913;0.18199957668702957
914;0.25948933580868216
915;0.17173931451896252
916;0.1792874040427045
917;0.11932767418723295
918;0.15969141002772227
919;0.17468988071737
920;0.16569950993433502
921;0.19138790169995537
922;0.13657317797155125
923;0.22225576702618793
924;0.1376564969289402
925;0.4071124580512087
926;0.13391811462591863
927;0.13771715915681498
928;0.1729769329035667
929;0.1788584052942661
930;0.09237990057239556
931;0.08361226990112182
932;0.1207212788251958
933;0.1270839768065843
934;0.16271137999303784
935;0.14735482194958088
936;0.16306630594063706
937;0.19736619271782233
938;0.11916064482184803
939;0.1726841298585105
940;0.09635776543325472
941;0.18393280202096363
942;0.20497419825363525
943;0.12171393536725841
944;0.12358593445890032
945;0.1625539977707577
946;0.2199051494416196
947;0.13484627195405952
948;0.1209489972472432
949;0.45798516640550635
950;0.12049372312420815
951;0.1796603365802517
952;0.14192933111215467
953;0.14063668858640707
954;0.3435117994595228
955;0.19930271868787106
956;0.11982516629239393
957;0.13724282376726366
958;0.18352203452979807
959;0.13228978939863284
960;0.13822739609210635
961;0.19478389105269386
962;0.08162925015591396
963;0.12414034315868878
964;0.1611956544105574
965;0.14369054726211056
966;0.22126402079389085
967;0.22049328490380923
968;0.200616469751908
969;0.20079543458940052
970;0.3634590610169226
971;0.12216324572243892
972;0.09242482707681687
973;0.0837680159172815
974;0.12558280433551516
975;0.09072237742042166
976;0.2189305698243433
977;0.1337191204616696
978;0.19716120232709033
979;0.1384695164346562
980;0.25138856009701976
981;0.14945958653261035
982;0.1263160117228507
983;0.20304094644831272
984;0.1732791639517625
985;0.21349936543795012
986;0.18023801799543135
987;0.24487363758793076
988;0.19652517560831698
989;0.19124261568849302
990;0.18969412713288908
991;0.19703571389716018
992;0.13125157292609635
993;0.17929601861505218
994;0.12260061323075006
995;0.12095621625561442
996;0.12052329824057074
997;0.0959339864988863
998;0.1808112843239028
999;0.1902144819360726
1000;0.12753674415824473
1001;0.1318383137367996
1002;0.1412653576022285
1003;0.21631074138808326
1004;0.22362544790148728
1005;0.23342368229821012
1006;0.16974644684658463
1007;0.12361869569234349
1008;0.1455758990005845
1009;0.08269181574551435
1010;0.2268861323216642
1011;0.11984471194919323
1012;0.1231185867303316
1013;0.12014812587762741
1014;0.08321648515388229
1015;0.16792052917788686
1016;0.15330024744939802
1017;0.12126158079202434
1018;0.2082186623884496
1019;0.13336070233415726
1020;0.12189443419044087
1021;0.12320276848277817
1022;0.11990853214016292
1023;0.12365026845763438
1024;0.11710328699462888
1025;0.14012303043292268
1026;0.12190567285428482
1027;0.0972991347362239
1028;0.12353089776194387
1029;0.1357832961570051
1030;0.22115485468935583
1031;0.20018955668525285
1032;0.16576840627259878
1033;0.14040173126264038
1034;0.13463472727501744
1035;0.16760597948857378
1036;0.18934761624019086
1037;0.12045975766344341
1038;0.1332047590593915
1039;0.13473782441031099
1040;0.15616902161183252
1041;0.13865520632852663
1042;0.1456327368393241
1043;0.1684103428110216
1044;0.17446912754308266
1045;0.12981501526408226
1046;0.12234185405193744
1047;0.16178968358600126
1048;0.1786462168780262
1049;0.1373751714785216
1050;0.14664970466761526
1051;0.1466383548044122
1052;0.08451974784446281
1053;0.18508008391061828
1054;0.15641985353970458
1055;0.26229892072414007
1056;0.1234968248445262
1057;0.08353435391310397
1058;0.12349004658379337
1059;0.20619360177179433
1060;0.10115157205066078
1061;0.12327698982946893
1062;0.15702851762640052
1063;0.12067249917810012
1064;0.11854737835141133
1065;0.13558804765518803
1066;0.0912518336567924
1067;0.19346696306376956
1068;0.2307143553253614
1069;0.22287292746537868
1070;0.1587881328067095
1071;0.23506347628207733
1072;0.12058811856990051
1073;0.1383716240354164
1074;0.18895264867255457
1075;0.618682025776812
1076;0.09217000859311404
1077;0.1222262779588076
1078;0.29442888879284207
1079;0.0851612573986757
1080;0.1360345472083767
1081;0.06249863407391164
1082;0.13501292276794283
1083;0.09369419184126186
1084;0.13723804133666184
1085;0.1219031039418605
1086;0.07728435874353982
1087;0.1262189447882526
1088;0.1469695136471595
1089;0.1589884356057009
1090;0.1340691650344401
1091;0.16217992386279528
1092;0.15180713659229164
1093;0.18039199785268048
1094;0.23600506061670323
1095;0.22909601463872475
1096;0.1638796635561236
1097;0.13531818828915973
1098;0.13688969012178265
1099;0.18103889942824183
1100;0.17728428396530743
1101;0.16172604082013228
1102;0.14120774378185866
1103;0.21403114166376574
1104;0.08365710813787045
1105;0.08376958207085763
1106;0.1447565375892083
1107;0.13570766807421716
1108;0.09356426002893024
1109;0.22457621319859444
1110;0.1330406927040383
1111;0.14332980961476258
1112;0.16846849424874002
1113;0.21665383132586047
1114;0.15533740536814963
1115;0.11894353377561534
1116;0.1556134764058875
1117;0.18313164069716548
1118;0.19296628973936855
1119;0.12095590485761437
1120;0.14882380126829722
1121;0.12067216689222894
1122;0.1654625857612418
1123;0.13557801956390805
1124;0.11940861910415894
1125;0.33848628963807603
1126;0.24699982190791925
1127;0.15606086778884523
1128;0.19969733368869924
1129;0.11985573411944526
1130;0.1247628622531237
1131;0.13916241316435188
1132;0.14540688242939803
1133;0.13470157571116478
1134;0.15167870514601856
1135;0.15828152389660452
1136;0.19294047901617367
1137;0.1394930814914283
1138;0.15458543167017974
1139;0.12439516949282699
1140;0.17168859444479198
1141;0.133862367529415
1142;0.11050443807293572
1143;0.1421292659023073
1144;0.30416386518103117
1145;0.19899733018671115
1146;0.16068481721545627
1147;0.12460047313065524
1148;0.13850585178896027
1149;0.1478727193819238
1150;0.10536295175590846
1151;0.2320531726611234
1152;0.0997771007828064
1153;0.1238819127288573
1154;0.12489169820563671
1155;0.0926055269215126
1156;0.19895076789597324
1157;0.1837558520153033
1158;0.15038147025174936
1159;0.20961288518419574
1160;0.12628551697987495
1161;0.09376618681137883
1162;0.10851212807362152
1163;0.20399668279070976
1164;0.2864889968419944
1165;0.20815696756519766
1166;0.19242239796309663
1167;0.13047944505330933
1168;0.1284027477337765
1169;0.13246663213407187
1170;0.13297007562008473
1171;0.23465403068193644
1172;0.20687242840358214
1173;0.20258346066488073
1174;0.1640783772707316
1175;0.2675245271388435
1176;0.16861085377232288
1177;0.11980505181185673
1178;0.1942053897673113
1179;0.11969699150239625
1180;0.17738792423594527
1181;0.1366880298369167
1182;0.22755940928203383
1183;0.16196463032721525
1184;0.12161728261443515
1185;0.11892736195043424
1186;0.08090377455582672
1187;0.20094560014864726
1188;0.1351302653516478
1189;0.08675153263049429
1190;0.09208509934577275
1191;0.08593476838574025
1192;0.14522108562066266
1193;0.14296695451002453
1194;0.12241759844003057
1195;0.1558166167493128
1196;0.2218559489374415
1197;0.12768707320710812
1198;0.12984276646126547
1199;0.22043824631609776
1200;0.11817418459942962
1201;0.20832690336865595
1202;0.17442417331163726
1203;0.19070655755009264
1204;0.1407393397065846
1205;0.13919885508914145
1206;0.13634080992770212
1207;0.1230049023610298
1208;0.12454711844929545
1209;0.17813561673924264
1210;0.16369016528014624
1211;0.1174110833111167
1212;0.22476482167746564
1213;0.08456388285934976
1214;0.13393362915507803
1215;0.139647712654785
1216;0.1275586714297708
1217;0.13404076984442964
1218;0.12286484311251969
1219;0.17702122192374592
1220;0.1802765114374512
1221;0.11914653492018486
1222;0.09794756654110548
1223;0.1776276506251048
1224;0.1335962432833919
1225;0.19864227036422782
1226;0.13678592791878152
1227;0.13813984476621052
1228;0.09738672196053694
1229;0.12448531332422269
1230;0.10851212807362152
1231;0.1945759040408479
1232;0.2804062046249973
1233;0.12461860009133294
1234;0.18722537632710984
1235;0.12114051940986836
1236;0.21310808048286642
1237;0.21486943267629974
1238;0.13539239158477478
1239;0.12488714075048599
1240;0.23812661123313034
1241;0.11647134902207563
1242;0.24447116072861771
1243;0.1863132482703677
1244;0.12087097426695226
1245;0.134101545630599
1246;0.24673641133090626
1247;0.12073752724952677
1248;0.1333389188789218
1249;0.1783080390316038
1250;0.22941876005996195
1251;0.12363963441616847
1252;0.784053133013998
1253;0.12032525517571022
1254;0.11894905677747977
1255;0.14549910747472247
1256;0.21098755787098358
1257;0.23712385220346566
1258;0.1388653987761451
1259;0.18965306457156603
1260;0.22408032308633585
1261;0.15638269921362677
1262;0.1670400093971308
1263;0.23520436975391046
1264;0.13575855636683326
1265;0.16635930276765637
1266;0.19370233421394487
1267;0.13269979812575608
1268;0.1551812560583643
1269;0.11106325541547812
1270;0.08156217474769865
1271;0.14040948627295635
1272;0.2228003945893934
1273;0.11690591182674014
1274;0.13343269651744766
1275;0.16248156401036637
1276;0.13579967495330975
1277;0.1254668412472122
1278;0.18117913512826891
1279;0.12770557143219946
1280;0.133818873738861
1281;0.1475734820727292
1282;0.13706941171291787
1283;0.13923274575768618
1284;0.11285218450456043
1285;0.12575208270642782
1286;0.26876828051516083
1287;0.13419518763717714
1288;0.14668925402790275
1289;0.19177507401954724
1290;0.10541974786326658
1291;0.168702400176271
1292;0.2003684015404231
1293;0.12505405040691497
1294;0.18603719116786224
1295;0.1741902454517804
1296;0.1213679470267662
1297;0.11930110108900302
1298;0.2537811297194824
1299;0.1276313559952557
1300;0.15541689846181472
1301;0.20299992081857363
1302;0.20086582656599794
1303;0.1227763344603246
1304;0.11983687830595484
1305;0.13500491157503225
1306;0.12138142565432468
1307;0.17922230598426872
1308;0.13359222323156364
1309;0.13573745787316907
1310;0.20469948577394761
1311;0.13310347176311
1312;0.11834362629589441
1313;0.20468623527961033
1314;0.31704636983009493
1315;0.14986819939658919
1316;0.28375879915819274
1317;0.134670973839216
1318;0.14125691678787855
1319;0.1587304945830734
1320;0.12280023773511872
1321;0.21730911407664755
1322;0.11004579706518264
1323;0.22319828131912808
1324;0.1184527525980025
1325;0.2403361943300395
1326;0.14226664594038707
1327;0.1422180066030118
1328;0.08433719528498589
1329;0.16589229340754755
1330;0.12166341751676986
1331;0.16684788689120938
1332;0.2303255314523033
1333;0.16200624370265565
1334;0.12152349288089499
1335;0.15526221578314503
1336;0.14689575940569685
1337;0.1346789368173353
1338;0.19311204298702636
1339;0.11946469945823898
1340;0.1353574214841192
1341;0.13149348269893843
1342;0.19691098868940332
1343;0.11817418459942962
1344;0.13131324968002636
1345;0.12131763962514075
1346;0.13313181022999107
1347;0.1215019632267715
1348;0.12112344329431313
1349;0.18743655324970185
1350;0.18742362480137334
1351;0.12692394157102715
1352;0.16653444646688823
1353;0.1437226809670625
1354;0.12204978647108221
1355;0.22757925728255793
1356;0.12451368633596606
1357;0.17346519671163846
1358;0.1772877805182969
1359;0.12441476027748002
1360;0.15370383212408328
1361;0.2766160304729908
1362;0.15727474764769775
1363;0.2179488760608813
1364;0.12834621827157192
1365;0.1213084687722135
1366;0.14284752601396283
1367;0.19513941368057972
1368;0.13696510822291194
1369;0.12292213653808136
1370;0.08425926229822644
1371;0.0608476881082038
1372;0.18255398328635786
1373;0.12246229623553662
1374;0.12192006836355902
1375;0.16822513058527863
1376;0.12291238397168344
1377;0.09228873201674381
1378;0.26192561128262976
1379;0.12087115939206172
1380;0.12365091828749879
1381;0.11972680305180217
1382;0.14042022343521282
1383;0.12011471279123105
1384;0.2211962401922831
1385;0.1967742382368114
1386;0.10514934036952121
1387;0.13487495843676664
1388;0.1746983621826828
1389;0.12012970322111642
1390;0.08494314599935597
1391;0.2364160203042073
1392;0.18036067471932013
1393;0.1935760352469452
1394;0.1534105535897693
1395;0.1303719024812507
1396;0.24189575121019813
1397;0.08295048499367942
1398;0.1192700730229875
1399;0.12353311626536746
1400;0.11806549829719011
1401;0.12184468779336419
1402;0.1774081999878704
1403;0.1055986246365413
1404;0.2681234124715037
1405;0.30569937004189635
1406;0.12179233966382778
1407;0.1768498999147463
1408;0.1529748080782485
1409;0.1215656544727823
1410;0.16307471011605995
1411;0.12584165889593477
1412;0.1636230853280368
1413;0.2161910257553705
1414;0.14530778104492967
1415;0.1702528215727457
1416;0.20298339107622862
1417;0.25074643556732773
1418;0.31530184256382343
1419;0.13903059149597066
1420;0.09832279236106216
1421;0.12734941294420368
1422;0.13459828089402057
1423;0.09364622016938028
1424;0.19488184221636337
1425;0.1889607873582622
1426;0.3376414805284689
1427;0.11082750135952678
1428;0.16277578982095003
1429;0.13329006128158544
1430;0.17177399876779947
1431;0.12361829745115449
1432;0.23731555668801246
1433;0.1476376828635392
1434;0.12539368638677165
1435;0.19962788570240794
1436;0.11885636360217396
1437;0.11915796554529003
1438;0.12059231064465123
1439;0.12400192156420183
1440;0.08312148065091213
1441;0.16608767777833594
1442;0.1840855661343616
1443;0.16302942459251632
1444;0.19146211597359897
1445;0.1382118724278773
1446;0.15680507519383846
1447;0.12080971838275797
1448;0.1886014149334713
1449;0.14340422695666596
1450;0.09629948723925875
1451;0.13643096015043488
1452;0.12906485810602572
1453;0.17640193565386658
1454;0.1965082689368017
1455;0.12034526035973085
1456;0.12161728261443515
1457;0.13180906265826386
1458;0.14598187134681448
1459;0.18059548777670567
1460;0.2028075494305076
1461;0.17001548862696236
1462;0.2547609113194665
1463;0.13695420005733414
1464;0.168462007885566
1465;0.08358977500244713
1466;0.1393453549857697
1467;0.1532290248731788
1468;0.1957846377661163
1469;0.1608650762080722
1470;0.12643183598168828
1471;0.26720237869808294
1472;0.12215042786695594
1473;0.12167279398729035
1474;0.21296819718067905
1475;0.19368581342460028
1476;0.1920968367923094
1477;0.15508698268775892
1478;0.16118252216790652
1479;0.125618533684634
1480;0.20332308627879134
1481;0.2734595404659694
1482;0.11970235975416466
1483;0.26778196737868337
1484;0.19097240178802027
1485;0.16468448957741827
1486;0.15881944398644998
1487;0.3816927489344789
1488;0.2126135657126902
1489;0.11855806923717427
1490;0.15867430813514455
1491;0.21231189035255488
1492;0.2200951685703823
1493;0.16537693971611017
1494;0.13609724364742962
1495;0.1762636321273974
1496;0.1480050736298954
1497;0.1499023562251932
1498;0.09195015316208757
1499;0.19578427224054687
1500;0.11911621863515896
1501;0.24259702277166748
1502;0.1222972999508288
1503;0.23652957626366938
1504;0.12070610348041247
1505;0.12192714879847487
1506;0.20219726933634666
1507;0.12166338652668388
1508;0.13613971794908936
1509;0.14665398828108217
1510;0.126605781805982
1511;0.24320816893312885
1512;0.12265884889992375
1513;0.13933220253919704
1514;0.22726185353896608
1515;0.10914536389562209
1516;0.20606635948117036
1517;0.21611168048247634
1518;0.08377148872871568
1519;0.11882780960915477
1520;0.14478024260672717
1521;0.12040859532242386
1522;0.15263945284362507
1523;0.1371353256635492
1524;0.1336474359033047
1525;0.20220965239906882
1526;0.19403903538211784
1527;0.12085976804202957
1528;0.12109871403873201
1529;0.16595698704177375
1530;0.26757666434937244
1531;0.06249863407391164
1532;0.08494755530542872
1533;0.15574163904251723
1534;0.1173672594068671
1535;0.19202857252295266
1536;0.11072525174425037
1537;0.1340836863337488
1538;0.2003823631342713
1539;0.2446471246975622
1540;0.13569469838139764
1541;0.1424402885691079
1542;0.3205671466146569
1543;0.2047952677411688
1544;0.09715638214981126
1545;0.14750941885316696
1546;0.17651410265549544
1547;0.11004579706518264
1548;0.16105274216127816
1549;0.18720235443078348
1550;0.1463100301680953
1551;0.10483950682118884
1552;0.09962163627442809
1553;0.20790361994047005
1554;0.12112713944762504
1555;0.15157783408229594
1556;0.11869414543867082
1557;0.13742713589563973
1558;0.1823408343012778
1559;0.14762621621616992
1560;0.18957340241070808
1561;0.12564227011215762
1562;0.1388568147608824
1563;0.08354078550802063
1564;0.14101842770979175
1565;0.12260211318481112
1566;0.18927259637973914
1567;0.1949579141909173
1568;0.138845433854381
1569;0.1281861039306258
1570;0.12782665190981574
1571;0.13950570243790253
1572;0.16293846337895732
1573;0.17643857344685904
1574;0.20538854360981826
1575;0.08296183713710226
1576;0.09365932327915555
1577;0.2058637799783403
1578;0.20594063564463247
1579;0.12004919430743849
1580;0.1366153305449471
1581;0.16147028281134854
1582;0.13558524548528514
1583;0.12692112527009322
1584;0.23002494642102259
1585;0.1613777341098486
1586;0.19584927797640136
1587;0.14773914218897083
1588;0.22798775391255305
1589;0.1260378217158211
1590;0.13755715735580595
1591;0.17565532374738338
1592;0.19296338473947733
1593;0.18072599506840112
1594;0.17754399182375402
1595;0.17548438939972894
1596;0.13169635070748692
1597;0.1554824467269577
1598;0.164285007880645
1599;0.12070695172204096
1600;0.14605121606733615
1601;0.1907070139069306
1602;0.16372929563466265
1603;0.24177711952715206
1604;0.12276281116639993
1605;0.15690472998244923
1606;0.2990168756185996
1607;0.19852786867389152
1608;0.14357415219137604
1609;0.1337088831530524
1610;0.15681686982526571
1611;0.17956793649060176
1612;0.1995054848141789
1613;0.17806931510650606
1614;0.12106650184836955
1615;0.15220105123522298
1616;0.12967113099551447
1617;0.14637508593049053
1618;0.1278527010877264
1619;0.09518335246095402
1620;0.13347324162062138
1621;0.19297227067707112
1622;0.08450923994666693
1623;0.25595110651913505
1624;0.2026810738951354
1625;0.3113125328384079
1626;0.1966590017464107
1627;0.12251546654348104
1628;0.12655313099442944
1629;0.20439289134281266
1630;0.1360228290495363
1631;0.08339692776217184
1632;0.20128584335572794
1633;0.21684242175948312
1634;0.12130358355343471
1635;0.08466247134736424
1636;0.17216498535570846
1637;0.16749896955299687
1638;0.08285177428701017
1639;0.12762931928052063
1640;0.18872329905857005
1641;0.15278568992915673
1642;0.22149777156371694
1643;0.12069351842897845
1644;0.18777307738238522
1645;0.2646669126727025
1646;0.19150548888873545
1647;0.14582840734413183
1648;0.09466297876903526
1649;0.20159487273171026
1650;0.15108400484148196
1651;0.08281326759930885
1652;0.168188449017552
1653;0.2836685029796754
1654;0.14309660165329727
1655;0.13781921747675807
1656;0.12273543083367601
1657;0.12184261244679764
1658;0.3604314234143577
1659;0.14726298755678835
1660;0.09717046023517778
1661;0.12094987084201053
1662;0.2103035228940619
1663;0.13636276339679343
1664;0.1908837841581462
1665;0.12446151635883138
1666;0.12448404607925238
1667;0.09230525154482011
1668;0.18896406322680992
1669;0.13400369514080857
1670;0.1333859532663312
1671;0.12320913558020512
1672;0.1886117266341697
1673;0.12073528660002006
1674;0.14078155090874267
1675;0.2382919694351684
1676;0.12073650789191252
1677;0.1331599946300635
1678;0.1905321618189179
1679;0.09106933358008971
1680;0.14645641224018438
1681;0.16699369619134022
1682;0.11967350586578106
1683;0.12242011468752961
1684;0.15394580415287917
1685;0.1601258091512745
1686;0.21712580868073658
1687;0.16966224622782128
1688;0.12032263292763963
1689;0.12207649756249023
1690;0.15900063902208042
1691;0.12009212101782742
1692;0.17122438000367138
1693;0.08275301401700988
1694;0.16184773525345014
1695;0.08151089994870728
1696;0.14323012390286924
1697;0.15391698118992778
1698;0.12127246862780966
1699;0.2871358821911784
1700;0.16172274140644685
1701;0.13735465783566075
1702;0.20265793247128358
1703;0.1685730294241017
1704;0.12257974529376185
1705;0.1371086511127309
1706;0.15677481214254055
1707;0.11935057299282059
1708;0.16640166881978527
1709;0.11966131709758955
1710;0.17500552008109102
1711;0.1985422984690651
1712;0.1584312412250148
1713;0.1340788504570085
1714;0.16426680202423133
1715;0.35573485209754424
1716;0.18196077596899563
1717;0.13613971794908936
1718;0.14252997540123055
1719;0.14056094502256905
1720;0.260228185011188
1721;0.17645702032134963
1722;0.14367220536299927
1723;0.19090004723104734
1724;0.1349297480641306
1725;0.14840522995006059
1726;0.18167407479241343
1727;0.13568665039743955
1728;0.14599808651820717
1729;0.20599545802348115
1730;0.1082537535432873
1731;0.1193841030787095
1732;0.18870163945389537
1733;0.17410250534763883
1734;0.13889687179028523
1735;0.13486629489913843
1736;0.1383800764507075
1737;0.10591478574319116
1738;0.16770466112435117
1739;0.12202708588370594
1740;0.14564707292993495
1741;0.11901417744989667
1742;0.1196260296071914
1743;0.1469632816977212
1744;0.08334987072784518
1745;0.12079057678413184
1746;0.19875688726412036
1747;0.17179731493422712
1748;0.15234236111089128
1749;0.12184278399571188
1750;0.13440785749602488
1751;0.1324535833305769
1752;0.2012447891668087
1753;0.1936672161098239
1754;0.1834469068555462
1755;0.1179074947531459
1756;0.1039156620004947
1757;0.13127966854996806
1758;0.19701874792014876
1759;0.16017649398114434
1760;0.1207863544988636
1761;0.12305157258035991
1762;0.15501778529223778
1763;0.13528500477669442
1764;0.204378499117234
1765;0.22132789806769437
1766;0.13626741119980396
1767;0.10697531167759607
1768;0.13972786588925895
1769;0.34749171723945327
1770;0.1485261215162951
1771;0.11963151583015028
1772;0.12885586209659325
1773;0.2671528234545953
1774;0.26804041820683516
1775;0.200942682162983
1776;0.30820717537648795
1777;0.12022514710005038
1778;0.13559606774121633
1779;0.21803025504501
1780;0.2071640661078285
1781;0.12264201619216486
1782;0.08363886144531864
1783;0.12838080869761917
1784;0.1644013511940795
1785;0.12030773496431879
1786;0.1241404973788162
1787;0.08094845281904303
1788;0.1337866695634962
1789;0.3154876802886328
1790;0.1487631894356532
1791;0.09737065195656917
1792;0.1605297880073182
1793;0.11989404337720672
1794;0.11984233293897295
1795;0.17737775546871498
1796;0.3743869402679564
1797;0.1868014271190476
1798;0.10373012150803863
1799;0.12254069300312137
1800;0.13172157323768005
1801;0.09844344039562396
1802;0.20292627479937547
1803;0.2048873028118569
1804;0.19863660014482287
1805;0.11937745978389804
1806;0.13615563079734339
1807;0.2318248330348614
1808;0.06255575666212869
1809;0.13840062050392277
1810;0.10842921210471325
1811;0.17318494314948016
1812;0.19166415924022284
1813;0.14315269416348111
1814;0.11667748159147047
1815;0.3416533903199368
1816;0.08275199216901502
1817;0.10431280133612437
1818;0.22425738873834206
1819;0.1486082849986413
1820;0.15129860363019526
1821;0.08318275963212117
1822;0.14582559527498395
1823;0.14313433609344278
1824;0.17474562503873198
1825;0.11972063599030579
1826;0.12007435474720689
1827;0.14512328785181605
1828;0.16669626288260941
1829;0.13793571015626602
1830;0.1456294579206406
1831;0.17308228832529196
1832;0.1354090712903731
1833;0.09221196192465056
1834;0.13505004877948232
1835;0.2339846257217231
1836;0.13555859737149747
1837;0.12143540130019856
1838;0.12693442929128698
1839;0.14448654118831444
1840;0.12736984148812105
1841;0.12493638639647558
1842;0.10395099911384705
1843;0.12095198641773813
1844;0.12435915139395384
1845;0.12411766051996354
1846;0.14862444111244097
1847;0.19553914983383497
1848;0.15772012270616803
1849;0.1333977796451055
1850;0.1208125564285178
1851;0.13653508449621685
1852;0.1722895536461278
1853;0.18600406502885047
1854;0.14685836586649184
1855;0.12087224186592999
1856;0.11538013980681544
1857;0.17330302074544063
1858;0.30375000105551014
1859;0.19049970488454326
1860;0.12308772293623385
1861;0.13934655609593716
1862;0.09228873201674381
1863;0.18626006945128307
1864;0.2113833293933123
1865;0.16766910784541056
1866;0.20096549042302253
1867;0.1427637345401826
1868;0.1301620202434373
1869;0.14483180671313184
1870;0.13396030714580562
1871;0.14614478846224996
1872;0.18291759472214203
1873;0.11986219395733823
1874;0.40895891489185143
1875;0.13106035558680884
1876;0.22348890930977575
1877;0.16224547787140034
1878;0.18340632701201331
1879;0.22186280902175495
1880;0.1306330438893334
1881;0.12139864531249496
1882;0.13766123506000574
1883;0.1623318749897592
1884;0.11650383921871597
1885;0.1264185909988936
1886;0.13845878840200962
1887;0.18065777165926336
1888;0.126544635653487
1889;0.25640467169240405
1890;0.13727678606331628
1891;0.19515114182162355
1892;0.3124149739628562
1893;0.08420534104411417
1894;0.12519946665997853
1895;0.12424405394324363
1896;0.18537025246662317
1897;0.18774248001060495
1898;0.1230291907261729
1899;0.0834745573762557
1900;0.1101857613367389
1901;0.2039554447439412
1902;0.25659043925937475
1903;0.16625933077121757
1904;0.20800936576704565
1905;0.12139934352607892
1906;0.29373362472734477
1907;0.13223452686065035
1908;0.21956122606191297
1909;0.13227583352288044
1910;0.14873528014756662
1911;0.11837858038559719
1912;0.21312965358089653
1913;0.1340900116998055
1914;0.09832342581614287
1915;0.12644811275714415
1916;0.1224114868787809
1917;0.2890775661578276
1918;0.13150586207789183
1919;0.14351238015540765
1920;0.20713961236655817
1921;0.12383019606825048
1922;0.12197858868995667
1923;0.12172898078280402
1924;0.17929601861505218
1925;0.16124242472320047
1926;0.1220231849786328
1927;0.18395508521689474
1928;0.1624212634975301
1929;0.12226862389179827
1930;0.0931642563805245
1931;0.13679652666450054
1932;0.11889714235759907
1933;0.1904330842143683
1934;0.15541871510252386
1935;0.12193831575340862
1936;0.14303488676515314
1937;0.28496967314214605
1938;0.1329053977904091
1939;0.14550436372753744
1940;0.6241050541318864
1941;0.21751938568322687
1942;0.18815095793152056
1943;0.1814490548975834
1944;0.15019392582918864
1945;0.2824943531688261
1946;0.25094730851548164
1947;0.1477773613572408
1948;0.13788756509594624
1949;0.12134647840631785
1950;0.23559286680543018
1951;0.13650739063373996
1952;0.13723822676392772
1953;0.17435785858487998
1954;0.08384622971174079
1955;0.16634636288624358
1956;0.1916981730182169
1957;0.15952177468523915
1958;0.12459649608636647
1959;0.1749851169221724
1960;0.22447684656462888
1961;0.126545769984454
1962;0.1229660915546676
1963;0.12371782039424782
1964;0.12215743010611708
1965;0.1242300335583568
1966;0.13854725869797496
1967;0.13923683924172106
1968;0.6116731775295217
1969;0.1254265289599245
1970;0.1188233256350334
1971;0.1528730099831803
1972;0.12477406769557432
1973;0.13225958187898146
1974;0.24275763961298039
1975;0.17537293925329744
1976;0.2256500862420167
1977;0.2048547349793176
1978;0.14815738710171716
1979;0.12119060676610167
1980;0.18705382361061695
1981;0.12039051249878047
1982;0.16118381206801802
1983;0.21312965358089653
1984;0.16297239219090165
1985;0.09603966080649122
1986;0.20701835904261356
1987;0.11981315492669982
1988;0.1694068321022859
1989;0.20524140994751666
1990;0.1750031879708075
1991;0.35620381543199814
1992;0.1354022709168829
1993;0.12005380775412665
1994;0.15991918682201783
1995;0.13515568876796077
1996;0.12082682524524016
1997;0.14714419157879582
1998;0.23223546782334287
1999;0.14418876889041676
2000;0.1956853882892748
2001;0.1280315141288135
2002;0.16188287915504931
2003;0.14819546332883246
2004;0.12030310874814351
2005;0.09829286669759081
2006;0.1666909580758075
2007;0.12460047313065524
2008;0.15795783876183667
2009;0.1620967741047322
2010;0.08455157516384633
2011;0.15719006011356262
2012;0.12388565803891968
2013;0.12249388105222125
2014;0.17908763332960975
2015;0.1574950993875699
2016;0.12157606864894768
2017;0.12268718672039439
2018;0.3951814395154286
2019;0.1349827141073598
2020;0.14386063728672754
2021;0.19916503556271725
2022;0.1669866417842083
2023;0.15279420423159393
2024;0.12529200681159464
2025;0.2205156909350235
2026;0.15283058030155838
2027;0.12164027795707189
2028;0.19979033970407778
2029;0.32078903067312425
2030;0.13953868753575402
2031;0.21773794229069174
2032;0.164737933674048
2033;0.2112890855247233
2034;0.13377074418286755
2035;0.2399911419767817
2036;0.21799901644328912
2037;0.12050906495482253
2038;0.11972982345267266
2039;0.3182631380943949
2040;0.11188679670270404
2041;0.16735647565169004
2042;0.19146942606288037
2043;0.17061196609961063
2044;0.182280379113766
2045;0.12516625823855404
2046;0.15183916766267225
2047;0.1400608129718547
2048;0.17912573587614908
2049;0.22892338522345876
2050;0.13250313094615582
2051;0.12415426330744354
2052;0.09141255669796228
2053;0.13742245263075586
2054;0.1677577607164671
2055;0.11915657571956828
2056;0.1417644242837129
2057;0.09531924617004223
2058;0.20113429305276853
2059;0.13479662669543369
2060;0.17612783953259206
2061;0.13925587342325785
2062;0.13352659176096218
2063;0.18781306872991563
2064;0.11183786939388812
2065;0.16005653299806893
2066;0.09596966453080244
2067;0.2107248595730925
2068;0.2095563727140055
2069;0.13424120208258014
2070;0.1985938149140075
2071;0.16409556491310698
2072;0.17794767541521445
2073;0.20833085818067104
2074;0.1880019734031143
2075;0.3601823282082326
2076;0.26473579850618
2077;0.257169824565104
2078;0.15515366023266766
2079;0.15166647968494468
2080;0.0899162733538944
2081;0.15340295924978528
2082;0.23828273646256312
2083;0.16911760122409028
2084;0.1219197429087342
2085;0.12079444406131078
2086;0.1578718635326601
2087;0.0806848485005193
2088;0.13161632530318956
2089;0.18072531715866857
2090;0.1209841421430636
2091;0.1319810542530179
2092;0.1337434234501341
2093;0.13298506455051848
2094;0.13593556096063428
2095;0.14541155238706507
2096;0.1800339542233904
2097;0.11834410346558812
2098;0.12198141268453845
2099;0.12413719999323916
2100;0.12212992088882582
2101;0.18193797842175513
2102;0.20102493898264473
2103;0.25668096967902826
2104;0.2028219736028571
2105;0.18870694980538294
2106;0.1399297779452626
2107;0.41376440507840934
2108;0.13680393835262375
2109;0.12179549517383342
2110;0.12075522165976285
2111;0.14910068997392886
2112;0.12158597572198593
2113;0.1700163136872915
2114;0.1382388762374594
2115;0.17544758192777243
2116;0.14692352721356589
2117;0.1186338353621651
2118;0.12499132023451977
2119;0.1332906082840089
2120;0.14564793608022325
2121;0.14188268217961314
2122;0.17882947712832703
2123;0.16840699424077227
2124;0.13374881486548723
2125;0.1412750365310296
2126;0.13279243621028802
2127;0.09258735666756314
2128;0.1269927932801339
2129;0.2521876853634754
2130;0.13408097655949092
2131;0.1908904846432391
2132;0.12359451587911195
2133;0.15475033058082183
2134;0.12379675904522787
2135;0.11996642546209778
2136;0.13425221399658183
2137;0.12279779354408564
2138;0.10980592367372571
2139;0.14571871690329408
2140;0.13371822297261468
2141;0.15164691196544547
2142;0.13388875624203422
2143;0.19791993504943717
2144;0.16459062981636335
2145;0.1357627370766232
2146;0.17303086113641664
2147;0.12109871403873201
2148;0.13617393884570853
2149;0.12201843031507142
2150;0.1523234050958301
2151;0.2017271500165207
2152;0.12200790512995616
2153;0.16821295212684612
2154;0.12332631340200213
2155;0.1703970526661867
2156;0.15870230004397362
2157;0.255365993398264
2158;0.3383786574364693
2159;0.12642804586704212
2160;0.1199700149292063
2161;0.13549672919749348
2162;0.17118163746834772
2163;0.2091778871643233
2164;0.2723631125999279
2165;0.06531361829617663
2166;0.09402819456443628
2167;0.11964134454528565
2168;0.2447433943640044
2169;0.7033842623006487
2170;0.7021255519904571
2171;0.12416060068957131
2172;0.12397260884437969
2173;0.13320846058886948
2174;0.22504045148763474
2175;0.13191715151217562
2176;0.21373143452784768
2177;0.1468597590218528
2178;0.1568006320319561
2179;0.1224204299944544
2180;0.14531091967111637
2181;0.17308854532251958
2182;0.21170875285505678
2183;0.1775095740136211
2184;0.12779737145504916
2185;0.12092630883600487
2186;0.11771907873177007
2187;0.14037073813080528
2188;0.09329032673970691
2189;0.1356992845836047
2190;0.39007069487839907
2191;0.1295324642299283
2192;0.10536295175590846
2193;0.09475559934441445
2194;0.1583029282065352
2195;0.1487801607900127
2196;0.14752861873903647
2197;0.12223861269979161
2198;0.21633551934329756
2199;0.12465804853779384
2200;0.16879695132161773
2201;0.21612456339447453
2202;0.13256663781216715
2203;0.13694538151656666
2204;0.09144982219224744
2205;0.1708448230782123
2206;0.15308207854679973
2207;0.10924453221561867
2208;0.1216736929113691
2209;0.12274742845951747
2210;0.10812892693270384
2211;0.16938295688000643
2212;0.2512510537182155
2213;0.12061028558305513
2214;0.09759184941850622
2215;0.2118945412464905
2216;0.12022568356110633
2217;0.1707078190492962
2218;0.18590318345445764
2219;0.12248201923656692
2220;0.20844159125207795
2221;0.15810105261917293
2222;0.2160825663589728
2223;0.16213998003708122
2224;0.20567693729030495
2225;0.12206023995409548
2226;0.31307499842838327
2227;0.17611653790610152
2228;0.4592871288034211
2229;0.14897662879399826
2230;0.11884003316690604
2231;0.14053652060093275
2232;0.13209411408314042
2233;0.22922630410859934
2234;0.16334853737133603
2235;0.1382785083230813
2236;0.17127732138862042
2237;0.10396037802665256
2238;0.11857028390132227
2239;0.15317178886026986
2240;0.3359630736948266
2241;0.13483212085440813
2242;0.12283857749457612
2243;0.09131495375904239
2244;0.1786374260442068
2245;0.1340496001482021
2246;0.1173821116682224
2247;0.26699559651227606
2248;0.13631551261312147
2249;0.24265981915759385
2250;0.1891652979093889
2251;0.24368377883607678
2252;0.21489594874003082
2253;0.11872509333667783
2254;0.19278708272541642
2255;0.13292990482865935
2256;0.12603133665820568
2257;0.14472555005147883
2258;0.12693169667803708
2259;0.15758205172820292
2260;0.0844310225531607
2261;0.18040492679420123
2262;0.12632217475679997
2263;0.24567481333747218
2264;0.12600239911381972
2265;0.17407527074981288
2266;0.13337267438119105
2267;0.6726230744324262
2268;0.16619365227515503
2269;0.11926436429119402
2270;0.24365160106660524
2271;0.12381457292973164
2272;0.19122593902739474
2273;0.12072409516185709
2274;0.23688379810644358
2275;0.21902719762079798
2276;0.12564140040393448
2277;0.18074731046271875
2278;0.19400708080092843
2279;0.3044500400347592
2280;0.14538127753871563
2281;0.23449423597109778
2282;0.12107137389097741
2283;0.12240360040821728
2284;0.11871800063563626
2285;0.13528899487776724
2286;0.12621545309682153
2287;0.12850887816300555
2288;0.15244422816536413
2289;0.13526451676185047
2290;0.12811279299802625
2291;0.1458710808173047
2292;0.12450598782680444
2293;0.2044653795240477
2294;0.133511244456419
2295;0.19330691057442706
2296;0.06249863407391164
2297;0.12284243709782056
2298;0.17645358975309977
2299;0.20687461187978584
2300;0.12214184961425618
2301;0.12063225637138529
2302;0.0933649973276683
2303;0.0933649973276683
2304;0.15995295281328628
2305;0.22041973782885121
2306;0.1007123729384031
2307;0.13733994358438645
2308;0.18040644672453351
2309;0.12003082720126618
2310;0.08558846667494246
2311;0.13544546126101265
2312;0.12363816964465812
2313;0.12601508519421545
2314;0.12322157274644507
2315;0.16886085354402391
2316;0.11845645387075135
2317;0.16294938354441144
2318;0.13648995113032508
2319;0.15957984033953626
2320;0.1484706146187797
2321;0.14299836356660772
2322;0.15165033362362199
2323;0.14446012901753535
2324;0.18244618540902816
2325;0.22692473754763084
2326;0.12507975227409202
2327;0.11410708165607147
2328;0.2513118292443125
2329;0.14651481668358035
2330;0.12712906373958396
2331;0.12203497071962768
2332;0.11872509333667783
2333;0.17303850804977272
2334;0.18336195187190044
2335;0.2181499381428805
2336;0.12161051802228319
2337;0.12321277456941822
2338;0.1620751323025376
2339;0.14410790855762975
2340;0.12180014326498974
2341;0.12676009176663164
2342;0.11565988398031177
2343;0.09196360497199149
2344;0.2354650880507944
2345;0.12226170372278089
2346;0.20466670388586694
2347;0.23807994807073252
2348;0.13685120859663116
2349;0.17334598696888348
2350;0.21772253641446654
2351;0.18113819633967151
2352;0.15622994477955318
2353;0.20764731999875985
2354;0.11846989562621912
2355;0.15477629778030236
2356;0.15390435773839756
2357;0.1517860868458382
2358;0.13568822878271797
2359;0.12416511547800023
2360;0.22131088076338987
2361;0.1334215072670069
2362;0.14153090313282454
2363;0.16805587905889258
2364;0.20742208742840978
2365;0.15408935590910305
2366;0.12212666807953608
2367;0.21191870786079833
2368;0.15392465849216116
2369;0.12488274944862515
2370;0.08587307827089324
2371;0.16643443193728438
2372;0.16776157682594262
2373;0.2721896210780124
2374;0.12105473634866759
2375;0.12049709365535893
2376;0.13786621025779466
2377;0.11943331569295101
2378;0.1352026084794764
2379;0.24121913289186317
2380;0.16016667081692593
2381;0.1194828592895277
2382;0.3697699291419256
2383;0.17173979917096246
2384;0.16091390495322824
2385;0.1540024893161407
2386;0.13570392984678814
2387;0.1389496377817541
2388;0.12133916846834632
2389;0.08481380149569472
2390;0.11958344054141413
2391;0.18040494872815302
2392;0.16551081501677598
2393;0.14919165411257573
2394;0.14690289305106666
2395;0.14560063592574074
2396;0.11889226222750578
2397;0.16377309898806883
2398;0.09072554370998683
2399;0.12107873979932564
2400;0.1449983979882044
2401;0.1209157910119668
2402;0.222385564018826
2403;0.16572154799278707
2404;0.2313611546091273
2405;0.11869702368730374
2406;0.17052529933880367
2407;0.1209913910378268
2408;0.1702230325903705
2409;0.14304209315806435
2410;0.135726340741767
2411;0.12389254882620203
2412;0.1709792755838238
2413;0.19710936576427524
2414;0.08517310449491514
2415;0.20827552433057356
2416;0.15184011048604704
2417;0.14703353942013697
2418;0.13700656722941382
2419;0.23114341319361456
2420;0.19398175592422875
2421;0.20063682075016512
2422;0.20154067143055318
2423;0.16961679539105598
2424;0.08371240262084259
2425;0.1440314970111792
2426;0.1345466155980046
2427;0.2832097573091668
2428;0.14552679150905512
2429;0.3591836266982894
2430;0.12182923204052293
2431;0.09658298984929417
2432;0.12006000149599466
2433;0.12475831837071583
2434;0.10124510518186519
2435;0.09205330607324008
2436;0.14154696180103696
2437;0.2075279364140967
2438;0.13814823023808043
2439;0.12200517277153519
2440;0.3693253907865594
2441;0.20962207538837313
2442;0.1972027129916234
2443;0.37617890276227756
2444;0.1608363766407619
2445;0.12438715568386988
2446;0.09365121287603968
2447;0.1358517548667748
2448;0.09762104671149217
2449;0.06255445016049499
2450;0.08370479129798714
2451;0.38360921893653355
2452;0.1288752687861729
2453;0.13320317191454228
2454;0.08387424650680259
2455;0.17291622917397356
2456;0.14082706345468313
2457;0.14497018048838514
2458;0.08380940340763439
2459;0.23103197565217293
2460;0.17598919167683794
2461;0.11923257701328437
2462;0.0929283219315557
2463;0.16638589219564542
2464;0.14282773014294212
2465;0.2380153120655178
2466;0.14427819793311836
2467;0.14815911380311853
2468;0.1912433375615485
2469;0.11866219316975622
2470;0.12238030789246288
2471;0.1710228299553097
2472;0.12198320208512133
2473;0.1538870815316981
2474;0.1932126122647977
2475;0.12292667926060005
2476;0.14143223872343633
2477;0.14110978448669875
2478;0.17219344385506674
2479;0.4099698431718908
2480;0.284792549751254
2481;0.1367489961775238
2482;0.13553404255550885
2483;0.24604056453208037
2484;0.12133250012555485
2485;0.112840552222416
2486;0.26505879334971405
2487;0.22003709659896661
2488;0.2542324244528864
2489;0.14935352728787776
2490;0.1370545894681625
2491;0.12186489876362888
2492;0.09754371382220266
2493;0.08834892644438969
2494;0.15909766793881636
2495;0.26098779761143576
2496;0.12742777829588897
2497;0.12661583523312947
2498;0.12626624936702116
2499;0.1258802537344034
2500;0.12002198449972248
2501;0.12547016005277192
2502;0.15235922957438008
2503;0.13919001204627857
2504;0.09836365049575488
2505;0.12234802794491902
2506;0.1734731940804174
2507;0.1536681355837465
2508;0.12156353703612541
2509;0.18016040237795658
2510;0.1735252529548798
2511;0.11350165560804983
2512;0.14339696259924406
2513;0.12142103682327246
2514;0.1588608331291362
2515;0.17872920261532313
2516;0.26274731202810864
2517;0.134666228731357
2518;0.14350803970363743
2519;0.1354791428126576
2520;0.12275308268987739
2521;0.13405209028596463
2522;0.2009183455138489
2523;0.16484668146900272
2524;0.17900924452452327
2525;0.15099107518408253
2526;0.09177249873898256
2527;0.1471899994582652
2528;0.12494984234536473
2529;0.14712989280351585
2530;0.0921435288777007
2531;0.12941243875035588
2532;0.26320965456925144
2533;0.13694742908351265
2534;0.16658943868586631
2535;0.13501508871206513
2536;0.14448896404574615
2537;0.12694767534397278
2538;0.3727483617490192
2539;0.14319074785613906
2540;0.17843053421390642
2541;0.18336450308287694
2542;0.2125011914454937
2543;0.14318474847354348
2544;0.16209824758470043
2545;0.12177152710475209
2546;0.13690001482972486
2547;0.1680260094401701
2548;0.16260124297071285
2549;0.20008870633928882
2550;0.1853516008451459
2551;0.13141812409245848
2552;0.1650482961342415
2553;0.2439020648927881
2554;0.15049942358460067
2555;0.24589420901727382
2556;0.12469404015081141
2557;0.19859365285590516
2558;0.20965189478750645
2559;0.11964472574144999
2560;0.08402112243240666
2561;0.121284328618201
2562;0.17698607843517342
2563;0.09230525154482011
2564;0.13768403313739944
2565;0.1720214107932859
2566;0.13179801623410536
2567;0.3157204491023513
2568;0.18176562091754028
2569;0.1818449707387455
2570;0.13973220333765948
2571;0.14333655242987905
2572;0.12444980512991395
2573;0.1845526747520062
2574;0.12246646352149873
2575;0.2005693964065841
2576;0.12307709907473194
2577;0.1366250063730395
2578;0.15365791814757035
2579;0.1841852192830137
2580;0.13727912105791035
2581;0.08420534104411417
2582;0.12366011774194993
2583;0.14107140888098876
2584;0.12506214849985958
2585;0.13685906471992199
2586;0.18261975938879896
2587;0.12217159139059042
2588;0.21857914259601546
2589;0.13440966596098988
2590;0.1227564377488857
2591;0.5566825851824329
2592;0.1251607947961473
2593;0.11911411968041279
2594;0.175547853122887
2595;0.12199770304765069
2596;0.13308517126138567
2597;0.2647255154478141
2598;0.08512636892977982
2599;0.14616026947102417
2600;0.17637912525169566
2601;0.13671343977160147
2602;0.1819888836079835
2603;0.15488019811121695
2604;0.08997103013231501
2605;0.16713627534239647
2606;0.18992870377022697
2607;0.08285018107796845
2608;0.2004678137704259
2609;0.13438857301779905
2610;0.14734408721405695
2611;0.16654161181483051
2612;0.16550476082451918
2613;0.12317434164308952
2614;0.15324797756427003
2615;0.1756889534491393
2616;0.12331613716204873
2617;0.11908254072039146
2618;0.17214664276839814
2619;0.1852455766730851
2620;0.12449406879476002
2621;0.13408253588354285
2622;0.12701589421906856
2623;0.18823130751837516
2624;0.09417744981002854
2625;0.15355490592189155
2626;0.18809931259783233
2627;0.0929182081650286
2628;0.36581228196825927
2629;0.24256673112784277
2630;0.21848728957749539
2631;0.13675613350268975
2632;0.18993183398168859
2633;0.13537994140108336
2634;0.1663193582328737
2635;0.13678831333602978
2636;0.191302289100206
2637;0.1364975085491918
2638;0.09243089234960945
2639;0.13946185076271073
2640;0.0988168562105001
2641;0.13714289160872417
2642;0.18785949405974792
2643;0.08281412893997811
2644;0.12286830412559302
2645;0.10812892693270384
2646;0.16938685098929157
2647;0.48063079689408816
2648;0.21171838695856218
2649;0.21814503293773016
2650;0.2832097573091668
2651;0.14977973390265428
2652;0.12491674469973743
2653;0.19241286117520826
2654;0.1198263862439235
2655;0.12260790376530643
2656;0.19488120460554006
2657;0.20004208119675543
2658;0.2571146932774843
2659;0.25626818383411
2660;0.1260906827296737
2661;0.1909184754669178
2662;0.0823358034785052
2663;0.08081572908916641
2664;0.24697502311883665
2665;0.18754991607174032
2666;0.10617019009555022
2667;0.21320136091499534
2668;0.12408933066188736
2669;0.12675359054402435
2670;0.17723451570957302
2671;0.17776778303431756
2672;0.15708410070414494
2673;0.11947296918591327
2674;0.10528982135939931
2675;0.1374337373704286
2676;0.14626325925862818
2677;0.14762455375557437
2678;0.09207256818459994
2679;0.243050167441191
2680;0.13583985596756695
2681;0.13829210591518779
2682;0.12782844953872166
2683;0.14549253887223376
2684;0.1494095272359991
2685;0.10396037802665256
2686;0.12171674940192141
2687;0.12927790728710756
2688;0.16402815984631708
2689;0.24511313941596727
2690;0.12180663792247733
2691;0.1957230050109974
2692;0.392772587268268
2693;0.1837199544557097
2694;0.20361079281168618
2695;0.19103222333127812
2696;0.15234820741849328
2697;0.27398727431832653
2698;0.2525674179448873
2699;0.18029989027463825
2700;0.20191874727029277
2701;0.19323608088567615
2702;0.2514150326696719
2703;0.16663207881990777
2704;0.13577013355317638
2705;0.15540797003750043
2706;0.1226034288117439
2707;0.1586191722395266
2708;0.12706847069424584
2709;0.20677931970626337
2710;0.1196021723304764
2711;0.211070605358203
2712;0.24383726672557124
2713;0.24328447256616187
2714;0.12051283284854038
2715;0.09479442442519757
2716;0.16986576110591936
2717;0.1263326336843627
2718;0.23903570666212873
2719;0.1358535154126472
2720;0.13603141002497798
2721;0.17225950386717276
2722;0.1576224598786801
2723;0.12066913946822957
2724;0.09116178895198254
2725;0.4563748706441769
2726;0.13622262308155902
2727;0.13425378163003504
2728;0.13607391405164498
2729;0.15248478366954776
2730;0.16852301024206834
2731;0.1066455106093793
2732;0.10747517685773557
2733;0.16811207501918046
2734;0.14677767061821181
2735;0.12172928980254724
2736;0.12384474423189747
2737;0.2205440483309339
2738;0.12043885616551869
2739;0.22394969001080492
2740;0.12041290875371984
2741;0.13206207506092713
2742;0.13581008541066641
2743;0.09403987401123491
2744;0.13165700178122672
2745;0.12384769258796982
2746;0.0835888596396478
2747;0.12508064605544178
2748;0.24093174223694522
2749;0.20874899411132156
2750;0.13251351613988216
2751;0.1503018614883399
2752;0.16313561844010727
2753;0.2868904929939925
2754;0.29487918224843496
2755;0.1280750899761009
2756;0.2182776236821032
2757;0.15247333446555117
2758;0.1697110859280216
2759;0.3403508483810869
2760;0.1460539558274894
2761;0.1335527037087506
2762;0.2605234925106511
2763;0.12095384433685046
2764;0.21219789567500044
2765;0.16023447316104056
2766;0.16049445922124794
2767;0.13914607324160244
2768;0.1408730825818854
2769;0.09424737383554102
2770;0.14541375253482086
2771;0.09563233731176239
2772;0.13675823471417806
2773;0.12006822408843358
2774;0.2509323662696263
2775;0.2598210745897038
2776;0.1770705155812309
2777;0.17266137787402833
2778;0.18056184487749805
2779;0.19177332729437424
2780;0.17216584443575866
2781;0.24242871637157143
2782;0.16814088503138824
2783;0.06259839549230066
2784;0.13289548162614453
2785;0.09461396963644977
2786;0.2121503338321208
2787;0.20449697235401335
2788;0.14716632648237443
2789;0.195765492624419
2790;0.16369406143899332
2791;0.09568034203284208
2792;0.1731486275441816
2793;0.19037546121076457
2794;0.14901726365844276
2795;0.21679621802536483
2796;0.13394131405047016
2797;0.18913605356102742
2798;0.34607917340086103
2799;0.13109117734653797
2800;0.1675444620524057
2801;0.096217441399182
2802;0.12571597709563784
2803;0.13233661905434685
2804;0.12076293812557065
2805;0.1390802148850754
2806;0.19338731036061158
2807;0.1526993648825059
2808;0.2697825723141014
2809;0.25843847525410407
2810;0.1630255418961729
2811;0.17042538313706762
2812;0.12294654222301846
2813;0.1255501815664929
2814;0.1363613331861746
2815;0.1237843986606509
2816;0.1338790007267843
2817;0.13975581193725425
2818;0.1495380489362616
2819;0.12675621795807704
2820;0.19260010369450611
2821;0.2494365902446613
2822;0.0831545710443668
2823;0.12528600232228362
2824;0.17937454325163457
2825;0.13396544628340049
2826;0.2896898351219047
2827;0.09131495375904239
2828;0.22212309112659176
2829;0.18991670368522368
2830;0.13526240043998936
2831;0.16468044083304845
2832;0.18744054841300897
2833;0.11981077420676936
2834;0.12103839653533045
2835;0.12102687586633364
2836;0.18764260308518127
2837;0.1959365049358028
2838;0.1356929049252363
2839;0.20013729569249214
2840;0.0843265021725754
2841;0.13577258334511727
2842;0.1808289371068515
2843;0.12129716756819739
2844;0.10949176452708485
2845;0.1568425979266019
2846;0.12439946659691911
2847;0.13107347564954402
2848;0.14857389695175682
2849;0.15456747842353183
2850;0.1374361289175919
2851;0.3010523440053534
2852;0.12377102692204128
2853;0.1671085436973691
2854;0.18276599595437296
2855;0.17367125038119713
2856;0.192101779747815
2857;0.16534246949485942
2858;0.13792032033836724
2859;0.1299302369064608
2860;0.11867019215544504
2861;0.14618151393951734
2862;0.12448797128235295
2863;0.17451229414055355
2864;0.12033859497173152
2865;0.1573418701273526
2866;0.18372713506805166
2867;0.12113979159535108
2868;0.2139758145350238
2869;0.12058789363595199
2870;0.12002198449972248
2871;0.14564660024504847
2872;0.30729176016229287
2873;0.23998353049188867
2874;0.12068649412972755
2875;0.12217496841540583
2876;0.12093234137495953
2877;0.2073418453729
2878;0.12156379809332957
2879;0.15624711748537162
2880;0.21838044173981525
2881;0.22870093507545897
2882;0.14576739020878832
2883;0.12055038927282688
2884;0.13104810303310216
2885;0.1298134867869047
2886;0.16609882784749755
2887;0.1548617103143871
2888;0.08283192109602652
2889;0.20512911428853067
2890;0.12130727901919812
2891;0.15808576648294298
2892;0.12595044911102188
2893;0.10626773750584968
2894;0.1693604657703406
2895;0.16057066818893898
2896;0.22244179367605946
2897;0.10697561262719228
2898;0.21418720213702588
2899;0.11840804469425105
2900;0.12004760658530177
2901;0.15191599809234047
2902;0.19449811303791883
2903;0.12229239130133002
2904;0.14624208226875726
2905;0.22999692569849198
2906;0.23145821089039498
2907;0.13854002686042038
2908;0.2181598909171256
2909;0.08327383455282256
2910;0.1650237476871306
2911;0.14341805025632354
2912;0.1482684316988372
2913;0.12298814646669026
2914;0.14751835287057047
2915;0.1639905928546263
2916;0.17177999011653852
2917;0.24339983456977135
2918;0.08543648119701851
2919;0.1218807868942197
2920;0.21633109054892447
2921;0.134283793402629
2922;0.24783283767885483
2923;0.13246157459608474
2924;0.10900681479460779
2925;0.2301340333309517
2926;0.1821143621204913
2927;0.14872102386213448
2928;0.20536586337749807
2929;0.1637258783324589
2930;0.13659175297825651
2931;0.12090303237271736
2932;0.12364877749285373
2933;0.12028915922058983
2934;0.12396574869311117
2935;0.11796236399300805
2936;0.2318248330348614
2937;0.26958788532979017
2938;0.12117560484644979
2939;0.21005904580007784
2940;0.2029443986323445
2941;0.11296156623600392
2942;0.20656053212411665
2943;0.1232988897320339
2944;0.17737474130098757
2945;0.1892297012623236
2946;0.1346629168333454
2947;0.09343745839992681
2948;0.1317314980596466
2949;0.23718037704218414
2950;0.1869784037604988
2951;0.15600501566453362
2952;0.11972067387164623
2953;0.1211276408038625
2954;0.139839532754466
2955;0.21523906483426328
2956;0.17411139709863122
2957;0.11074984375738296
2958;0.09279784250819778
2959;0.20244403581687828
2960;0.12214029914974012
2961;0.17059305697225818
2962;0.12073283837429355
2963;0.15590357192102186
2964;0.06558839543301948
2965;0.15400437818061224
2966;0.2213668055605206
2967;0.15032248082993052
2968;0.13558051321339898
2969;0.1742301607648811
2970;0.10768360465304336
2971;0.12435527335039266
2972;0.35340520885038795
2973;0.25359323356898167
2974;0.15113627504502417
2975;0.12215631749607883
2976;0.2042724821375879
2977;0.12328174236446583
2978;0.1935133215256321
2979;0.16156362997043572
2980;0.1727688201400731
2981;0.14827792028979364
2982;0.17786534804548887
2983;0.09325316542878981
2984;0.14153345630989278
2985;0.14819862479530946
2986;0.12027129993469929
2987;0.12285712416371376
2988;0.1126088014941284
2989;0.1910052221070394
2990;0.15025837549105145
2991;0.1137211346893494
2992;0.1514538185735202
2993;0.14103880777404848
2994;0.12010488453945857
2995;0.12432102878082872
2996;0.11856024696907373
2997;0.15910619241051796
2998;0.1254395373128367
2999;0.25308555322780046
3000;0.2548381829261256
3001;0.16475365281114013
3002;0.20819151260252958
3003;0.09587129202414536
3004;0.12166891622057241
3005;0.2075011177243246
3006;0.13934195263862548
3007;0.20551016201143055
3008;0.1998329148653495
3009;0.21454572967494756
3010;0.16356041956726483
3011;0.08376297040949472
3012;0.21969350316203604
3013;0.22465636848005438
3014;0.2016948139830324
3015;0.1416953502844409
3016;0.12252753155974232
3017;0.12022443976625476
3018;0.13417340163954444
3019;0.1933424652153903
3020;0.13231571111122917
3021;0.11374412104281299
3022;0.1538386719616659
3023;0.13735854130258146
3024;0.3426287509228924
3025;0.1310570194509909
3026;0.17497731645398973
3027;0.11830497254377971
3028;0.1339986628648392
3029;0.11094317533601379
3030;0.17529937639923557
3031;0.15318494990282816
3032;0.12447968566592611
3033;0.1179467512378349
3034;0.14016426494617004
3035;0.1239773952532593
3036;0.20941716876684385
3037;0.13139659211004623
3038;0.127996269749834
3039;0.22701062187737603
3040;0.13420428692828193
3041;0.13461544956005053
3042;0.2670024317362554
3043;0.11990375178396226
3044;0.1965156944964633
3045;0.12373902154414727
3046;0.14804116062154027
3047;0.18244372404150141
3048;0.17481929246191408
3049;0.2248929564673859
3050;0.1486312809206732
3051;0.11784904642424364
3052;0.12718926460065247
3053;0.31955303105725746
3054;0.13051973032193065
3055;0.12080419713426244
3056;0.18996149559527514
3057;0.23088559931722155
3058;0.20707422190420796
3059;0.14978635397415113
3060;0.1200051775824819
3061;0.12174387851014107
3062;0.12104552880439609
3063;0.16531015049856276
3064;0.17430480349027783
3065;0.08333321278386892
3066;0.1360548757078999
3067;0.1336084527752784
3068;0.1579869507579546
3069;0.11830461570693795
3070;0.13377691525116517
3071;0.12126395650829876
3072;0.10844050030060905
3073;0.1812617636047333
3074;0.13556638378756117
3075;0.13719707796700017
3076;0.1559931025190414
3077;0.1697691805593008
3078;0.6450283283536185
3079;0.14314387236978954
3080;0.18938542195516297
3081;0.16127733960444493
3082;0.24769974793500393
3083;0.13532562612888233
3084;0.12206743224060003
3085;0.1697693012477408
3086;0.13754738405988354
3087;0.18723415168319701
3088;0.11843013154093086
3089;0.1946814658539886
3090;0.25712615124622046
3091;0.1616404968987937
3092;0.13766123506000574
3093;0.21253881847779366
3094;0.0930675623320876
3095;0.2891003181763105
3096;0.13820142452288336
3097;0.1208943162611678
3098;0.13297339922276402
3099;0.09730047419666142
3100;0.14110921273678204
3101;0.12460668029185609
3102;0.118691015405261
3103;0.17123319037942372
3104;0.1333648719359125
3105;0.12109109992677716
3106;0.13481630873121014
3107;0.1494876671461044
3108;0.28026536007663383
3109;0.16247845498815114
3110;0.24144612365705515
3111;0.27421645249519433
3112;0.11939487571712054
3113;0.148015888209072
3114;0.13570392984678814
3115;0.20724847746544128
3116;0.12182476759619187
3117;0.1324905174873149
3118;0.1845354038423281
3119;0.14086479987437195
3120;0.15419332485271792
3121;0.16825460228167852
3122;0.13338937529163145
3123;0.12048423597329201
3124;0.1352312176785522
3125;0.13251215762536583
3126;0.13871508214461667
3127;0.22693694414242876
3128;0.19568215774374662
3129;0.14916920445519025
3130;0.13562534003012314
3131;0.17146011907939548
3132;0.19437020518173187
3133;0.09325316542878981
3134;0.12190078138450633
3135;0.1337753798453432
3136;0.17051976280314227
3137;0.1736862521424675
3138;0.13060480806126848
3139;0.22288717085362197
3140;0.12020865023581474
3141;0.13624920140301516
3142;0.17671862818021103
3143;0.1807458894797275
3144;0.09299309379117382
3145;0.16801501187326093
3146;0.09307091446882745
3147;0.1251840556110242
3148;0.12128462803679918
3149;0.20339127022392806
3150;0.12103553665360793
3151;0.21324381360687977
3152;0.1872539966606654
3153;0.16752861820596784
3154;0.17318317202797523
3155;0.148232314082969
3156;0.12422598608493661
3157;0.13397368446512836
3158;0.14551005952172757
3159;0.1957828715357621
3160;0.1190258431940682
3161;0.22491713107989672
3162;0.1246822474517919
3163;0.10497350977585201
3164;0.1247791236853686
3165;0.14763693133158806
3166;0.1208202069131743
3167;0.11789130275539235
3168;0.20180997498383432
3169;0.11958488204572475
3170;0.1317087641084661
3171;0.08350483717949178
3172;0.13027295078886683
3173;0.12169178336203257
3174;0.12435990119693091
3175;0.2320699714353137
3176;0.1367661430691816
3177;0.13293763499213238
3178;0.16467693775949996
3179;0.12645058320536043
3180;0.12363816964465812
3181;0.1558166167493128
3182;0.2164313072674401
3183;0.1620847477300098
3184;0.09159937353837927
3185;0.20042630440659875
3186;0.13043427052440357
3187;0.08080123590632796
3188;0.1362338766648924
3189;0.37806435779011055
3190;0.14863121579757826
3191;0.1504951714979549
3192;0.15982363544145053
3193;0.13428328672966916
3194;0.12689732848650032
3195;0.2026689736184298
3196;0.09321792499855892
3197;0.1875731387856729
3198;0.2531436100075992
3199;0.15482877618760463
3200;0.09097411378082705
3201;0.17880360435591497
3202;0.5022449664161199
3203;0.15752314041237203
3204;0.1174786218288703
3205;0.10999169562055346
3206;0.21641390501907878
3207;0.12107888043380172
3208;0.221717067522565
3209;0.1322916637873751
3210;0.1728652935480731
3211;0.12463840289622204
3212;0.0961216383512565
3213;0.14329832478347865
3214;0.16545470357697328
3215;0.20140569148313933
3216;0.09230161711807643
3217;0.13170628656875805
3218;0.18056542937383105
3219;0.13569538539455062
3220;0.12765259397963338
3221;0.2738350905689961
3222;0.1546338478357468
3223;0.12437606376923725
3224;0.1568605505116984
3225;0.19005420466561404
3226;0.20737449582734943
3227;0.1835137739553495
3228;0.24218364982135598
3229;0.14779355591333743
3230;0.09018981845345263
3231;0.16028782049878373
3232;0.15720121295741465
3233;0.15567825372388727
3234;0.12576377654505574
3235;0.20734421136130834
3236;0.14868027895840152
3237;0.1311297911501769
3238;0.14131824751550784
3239;0.23869219172694284
3240;0.23523059549635406
3241;0.17850432676776307
3242;0.17305912330920195
3243;0.08415556246874817
3244;0.1186263021204584
3245;0.14976645451743875
3246;0.1644626494662724
3247;0.16700566123074959
3248;0.12400368746088099
3249;0.14645157363181088
3250;0.1222929198839805
3251;0.12031827123832345
3252;0.1200174513120917
3253;0.1242300335583568
3254;0.12249895203749649
3255;0.14632963934698756
3256;0.15809434939989933
3257;0.11997004724551555
3258;0.14709475931763247
3259;0.12165447253116808
3260;0.11243668065552646
3261;0.23580371639457084
3262;0.277476960464093
3263;0.12189025976177396
3264;0.13449989293298048
3265;0.15258955449860045
3266;0.2009043648061689
3267;0.18946450750017826
3268;0.1929836088205553
3269;0.13700733210039395
3270;0.1268851910624857
3271;0.22568659381988213
3272;0.23351377935429637
3273;0.12064452184189774
3274;0.2119176161320728
3275;0.15456845161820676
3276;0.1541384911910686
3277;0.24906792116250212
3278;0.12276281739520967
3279;0.12396493841483537
3280;0.11771907873177007
3281;0.24298634009692402
3282;0.20532912639475948
3283;0.12185696593518162
3284;0.19969023202678227
3285;0.09172964065399582
3286;0.14060778711794666
3287;0.12070378690724193
3288;0.27855835730339
3289;0.18874220271061073
3290;0.20598121143395529
3291;0.1559618146036633
3292;0.1502436542141021
3293;0.1351232309573785
3294;0.12050160286393136
3295;0.16760848771633244
3296;0.19149173544938825
3297;0.19128972691676266
3298;0.2321429169160778
3299;0.13609396846891542
3300;0.1230479382505871
3301;0.13495550625979955
3302;0.19261542737286452
3303;0.08479389208484163
3304;0.12226306017133114
3305;0.08344568110294087
3306;0.14358301818591665
3307;0.14998103131330484
3308;0.12643386296397635
3309;0.13671865587206217
3310;0.1406703813815435
3311;0.13622823848049925
3312;0.16586804569916413
3313;0.12706291930247646
3314;0.16239567437700927
3315;0.12000642486773258
3316;0.19078475791660154
3317;0.11943168229165817
3318;0.13721882564622806
3319;0.21263055707903789
3320;0.32872629373759926
3321;0.1252269822592273
3322;0.18206127228340566
3323;0.19219686840796818
3324;0.14476296836483568
3325;0.13423654302202812
3326;0.22120655861874186
3327;0.14841740658050956
3328;0.09782256662810446
3329;0.1633039640639481
3330;0.08281147585128955
3331;0.1509115066160666
3332;0.1634495040549149
3333;0.1327198442094872
3334;0.1695991717876533
3335;0.12157352056264911
3336;0.09242482707681687
3337;0.16427469345503354
3338;0.16736356226189292
3339;0.3142901336574717
3340;0.15822243381843934
3341;0.2130660378719143
3342;0.21970955494837088
3343;0.14321272179220365
3344;0.24226317878336742
3345;0.3209322845801837
3346;0.20956493834092715
3347;0.14790759884982305
3348;0.17246014519519778
3349;0.13475671144221985
3350;0.13448779586838172
3351;0.12108631855904274
3352;0.12303336416363891
3353;0.16173158352101222
3354;0.123058667972006
3355;0.19574355331986845
3356;0.21290097042493966
3357;0.1343437241356491
3358;0.1433318081086959
3359;0.0938658791291524
3360;0.21611045276544744
3361;0.12678699541885036
3362;0.1226715156673596
3363;0.1524313176023748
3364;0.1542889553333588
3365;0.14351950790268278
3366;0.1240805866749183
3367;0.12004664329022258
3368;0.17828713135470756
3369;0.14909317365809238
3370;0.12303810432159287
3371;0.12145443092443652
3372;0.2888842603972648
3373;0.17820377639457816
3374;0.1224733555336241
3375;0.12024823385734178
3376;0.25714239335606
3377;0.11983791379443716
3378;0.21623175974643402
3379;0.12214498109242901
3380;0.12045222246117086
3381;0.12668593916790416
3382;0.1944801716592006
3383;0.24553702095727023
3384;0.13511264744125895
3385;0.11992899999451632
3386;0.1943078904651551
3387;0.4314563203239433
3388;0.130108986443331
3389;0.11269342304635
3390;0.13742982112376897
3391;0.1344239374363592
3392;0.17165904761453107
3393;0.3488105157642726
3394;0.21961179687704124
3395;0.15304760967058023
3396;0.13648995113032508
3397;0.1356293367075561
3398;0.1914596763425074
3399;0.1555589613083961
3400;0.11927644600255834
3401;0.11995854917847867
3402;0.15639254403487293
3403;0.08321488742921518
3404;0.12105922016883923
3405;0.12157013777640426
3406;0.08243903079691842
3407;0.0835936164342332
3408;0.1427435887104689
3409;0.2383490922215069
3410;0.18970552799636106
3411;0.148846495205449
3412;0.20487344759246084
3413;0.22362380112214567
3414;0.11799504133764867
3415;0.2086978589192029
3416;0.14544041656873788
3417;0.13228811454107842
3418;0.09350421495015106
3419;0.12837283985438552
3420;0.13398433476875296
3421;0.13755416440783189
3422;0.12281680121599407
3423;0.12151051028491815
3424;0.15955766200441582
3425;0.14064143926665118
3426;0.19798531677989067
3427;0.14101842770979175
3428;0.19217261886209291
3429;0.08408683007682254
3430;0.14874701033975654
3431;0.09933348672975671
3432;0.16303183248827446
3433;0.13315308845387558
3434;0.1431040265848795
3435;0.16354514459493297
3436;0.10070451383239716
3437;0.17929601861505218
3438;0.1949452821943924
3439;0.12180849793097819
3440;0.14815988086900989
3441;0.1861132740764847
3442;0.1348383145240788
3443;0.16842951094419464
3444;0.1615909384964552
3445;0.7793939587600502
3446;0.17267673195059619
3447;0.12175953498617302
3448;0.17791209338897299
3449;0.12109121500660172
3450;0.14715955399797148
3451;0.19038034317931568
3452;0.17807500074195465
3453;0.13916215198758414
3454;0.17901197240140443
3455;0.20281503189356345
3456;0.13871883126558465
3457;0.08269281301616148
3458;0.14092054380996852
3459;0.13502857573854474
3460;0.10617019009555022
3461;0.13478532451653474
3462;0.20197787173255358
3463;0.13801281393296677
3464;0.13000901385048547
3465;0.17954708228374777
3466;0.16444668577249133
3467;0.16175728711094078
3468;0.37223876367753017
3469;0.12031372146616758
3470;0.23263155953901235
3471;0.1177984561679433
3472;0.12113554153847023
3473;0.16650236034640997
3474;0.23566096412058074
3475;0.20464446675046963
3476;0.13450018402368444
3477;0.1664662732734163
3478;0.20603326851963533
3479;0.21513229583176852
3480;0.2093881269914658
3481;0.20643555284640702
3482;0.12267692159585042
3483;0.15258955449860045
3484;0.2683958566754341
3485;0.16432216161984156
3486;0.12273608881461665
3487;0.14982422808711438
3488;0.16423078239966343
3489;0.18558198697944367
3490;0.4314051742978615
3491;0.15145995645986993
3492;0.1484800387491544
3493;0.14207368810670726
3494;0.12968266179337398
3495;0.16929355462410847
3496;0.12119116607071961
3497;0.12461524035148472
3498;0.12264697932759303
3499;0.13427589432029416
3500;0.08332339123687489
3501;0.12081970787672054
3502;0.12432354747668516
3503;0.1601463406004166
3504;0.12505405040691497
3505;0.12986394117365552
3506;0.28496613124260284
3507;0.23878493193206884
3508;0.14695869803504177
3509;0.16629126496465077
3510;0.12417804282394265
3511;0.20062600898358748
3512;0.1378084954787897
3513;0.18959698937780595
3514;0.17804098327101758
3515;0.16326654204514102
3516;0.17397786263205922
3517;0.1330012920140186
3518;0.11889744193720524
3519;0.1179000734482007
3520;0.14945912294525152
3521;0.16348170734170422
3522;0.19438839847757972
3523;0.1424820884977155
3524;0.18965551916079867
3525;0.12238972118987844
3526;0.17754108975605742
3527;0.12002198449972248
3528;0.11969618050698565
3529;0.24123515317022443
3530;0.23120220118156667
3531;0.2779675199182022
3532;0.15274432829065676
3533;0.11937845876451729
3534;0.12211727699140941
3535;0.24210808071318204
3536;0.25668096967902826
3537;0.1224542317772308
3538;0.13868818652747206
3539;0.12034332596348567
3540;0.12134692183115436
3541;0.15937538793935027
3542;0.17453711963850632
3543;0.17723473748442012
3544;0.10423820099323021
3545;0.178745572539786
3546;0.0820664223610896
3547;0.15945764104534535
3548;0.12115195036774147
3549;0.08248974824515577
3550;0.13714157012332173
3551;0.17447278128455934
3552;0.1302825881820027
3553;0.16084725390802224
3554;0.1401382332960083
3555;0.14059007864209563
3556;0.13232333485060319
3557;0.12161575670342215
3558;0.1774854508422862
3559;0.14293873288797962
3560;0.1467612778229132
3561;0.22122997941459543
3562;0.13575696277853874
3563;0.17340449955233972
3564;0.17092431690823615
3565;0.1575944862230661
3566;0.09526829449052236
3567;0.17280259065810571
3568;0.13729799582988883
3569;0.14524051729379184
3570;0.14110949315958327
3571;0.10697531167759607
3572;0.1380527476041124
3573;0.20787736201933626
3574;0.12410790031444209
3575;0.3128202549110594
3576;0.2681523417652797
3577;0.13422566872603936
3578;0.12412882352535223
3579;0.5693482628966523
3580;0.15844718997299242
3581;0.1334108708408966
3582;0.2272812638978771
3583;0.11890631772215661
3584;0.14465941188694456
3585;0.14080413853145615
3586;0.22439289980633556
3587;0.13426494824287535
3588;0.1301984451014184
3589;0.21034902509870007
3590;0.16151300351714437
3591;0.23342368229821012
3592;0.12950099963265715
3593;0.17803996204562603
3594;0.09858828145266574
3595;0.1200158240954277
3596;0.21634751853279896
3597;0.3044800840728681
3598;0.12122093581591353
3599;0.21975781851425905
3600;0.23313960704948414
3601;0.12089553817142328
3602;0.13317395340095617
3603;0.20133353431344125
3604;0.21724890960126692
3605;0.1577989477027031
3606;0.1648089568970402
3607;0.26904108653822684
3608;0.11868164820482507
3609;0.1535439985332868
3610;0.21224446213964135
3611;0.20877902783850794
3612;0.1247508326943457
3613;0.08601750442032827
3614;0.1871270361082921
3615;0.12062568610669161
3616;0.12129115106068171
3617;0.08494813972563839
3618;0.08433431434878792
3619;0.1231569050299877
3620;0.24326805057878023
3621;0.13556535817499904
3622;0.21775586014069678
3623;0.12217615074074346
3624;0.214683169486878
3625;0.6315310533764968
3626;0.22560712886338524
3627;0.12229113051155914
3628;0.14116715268884228
3629;0.1625835770650971
3630;0.25321478551456744
3631;0.12276535419790296
3632;0.16547106181462995
3633;0.17836554090348308
3634;0.20369123989957205
3635;0.12270221412567742
3636;0.14668363748722804
3637;0.08281463462521772
3638;0.12360547346543396
3639;0.13202166846634839
3640;0.15209441558878553
3641;0.12350243393460626
